Word, frequency/nthe, 1
project, 1
gutenberg, 1
ebook, 1
of, 1
pride, 1
and, 1
prejudice, 1
by, 1
jane, 1
austen, 1
chapter, 1
1, 1
it, 1
is, 1
a, 1
truth, 1
universally, 1
acknowledged, 1
that, 1
single, 1
man, 1
in, 1
possession, 1
good, 1
fortune, 1
must, 1
be, 1
want, 1
wife, 1
however, 1
little, 1
known, 1
feelings, 1
or, 1
views, 1
such, 1
may, 1
on, 1
his, 1
first, 1
entering, 1
neighbourhood, 1
this, 1
so, 1
well, 1
fixed, 1
minds, 1
surrounding, 1
families, 1
he, 1
considered, 1
rightful, 1
property, 1
some, 1
one, 1
other, 1
their, 1
daughters, 1
my, 1
dear, 1
mr, 1
bennet, 1
said, 1
lady, 1
to, 1
him, 1
day, 1
have, 1
you, 1
heard, 1
netherfield, 1
park, 1
let, 1
at, 1
last, 1
replied, 1
had, 1
not, 1
but, 1
returned, 1
she, 1
for, 1
mrs, 1
long, 1
has, 1
just, 1
been, 1
here, 1
told, 1
me, 1
all, 1
about, 1
made, 1
no, 1
answer, 1
do, 1
know, 1
who, 1
taken, 1
cried, 1
impatiently, 1
tell, 1
i, 1
objection, 1
hearing, 1
was, 1
invitation, 1
enough, 1
why, 1
says, 1
young, 1
large, 1
from, 1
north, 1
england, 1
came, 1
down, 1
monday, 1
chaise, 1
four, 1
see, 1
place, 1
much, 1
delighted, 1
with, 1
agreed, 1
morris, 1
immediately, 1
take, 1
before, 1
michaelmas, 1
servants, 1
are, 1
house, 1
end, 1
next, 1
week, 1
what, 1
name, 1
bingley, 1
married, 1
oh, 1
sure, 1
five, 1
thousand, 1
year, 1
fine, 1
thing, 1
our, 1
girls, 1
how, 1
can, 1
affect, 1
them, 1
tiresome, 1
am, 1
thinking, 1
marrying, 1
design, 1
settling, 1
nonsense, 1
talk, 1
very, 1
likely, 1
fall, 1
love, 1
therefore, 1
visit, 1
as, 1
soon, 1
comes, 1
occasion, 1
go, 1
send, 1
themselves, 1
which, 1
perhaps, 1
will, 1
still, 1
better, 1
handsome, 1
any, 1
like, 1
best, 1
party, 1
flatter, 1
certainly, 1
share, 1
beauty, 1
pretend, 1
anything, 1
extraordinary, 1
now, 1
when, 1
woman, 1
grownup, 1
ought, 1
give, 1
over, 1
her, 1
own, 1
cases, 1
often, 1
think, 1
indeed, 1
into, 1
more, 1
than, 1
engage, 1
assure, 1
consider, 1
your, 1
only, 1
an, 1
establishment, 1
would, 1
sir, 1
william, 1
lucas, 1
determined, 1
merely, 1
account, 1
general, 1
they, 1
newcomers, 1
impossible, 1
us, 1
if, 1
overscrupulous, 1
surely, 1
dare, 1
say, 1
glad, 1
few, 1
lines, 1
hearty, 1
consent, 1
whichever, 1
chooses, 1
though, 1
throw, 1
word, 1
lizzy, 1
desire, 1
bit, 1
others, 1
half, 1
nor, 1
goodhumoured, 1
lydia, 1
always, 1
giving, 1
preference, 1
none, 1
recommend, 1
silly, 1
ignorant, 1
something, 1
quickness, 1
sisters, 1
abuse, 1
children, 1
way, 1
delight, 1
vexing, 1
compassion, 1
poor, 1
nerves, 1
mistake, 1
high, 1
respect, 1
old, 1
friends, 1
mention, 1
consideration, 1
these, 1
twenty, 1
years, 1
least, 1
ah, 1
suffer, 1
hope, 1
get, 1
live, 1
many, 1
men, 1
come, 1
use, 1
should, 1
since, 1
depend, 1
upon, 1
there, 1
odd, 1
mixture, 1
quick, 1
parts, 1
sarcastic, 1
humour, 1
reserve, 1
caprice, 1
experience, 1
threeandtwenty, 1
insufficient, 1
make, 1
understand, 1
character, 1
mind, 1
less, 1
difficult, 1
develop, 1
mean, 1
understanding, 1
information, 1
uncertain, 1
temper, 1
discontented, 1
fancied, 1
herself, 1
nervous, 1
business, 1
life, 1
its, 1
solace, 1
visiting, 1
news, 1
2, 1
among, 1
earliest, 1
those, 1
waited, 1
intended, 1
assuring, 1
till, 1
evening, 1
after, 1
paid, 1
knowledge, 1
then, 1
disclosed, 1
following, 1
manner, 1
observing, 1
second, 1
daughter, 1
employed, 1
trimming, 1
hat, 1
suddenly, 1
addressed, 1
we, 1
likes, 1
mother, 1
resentfully, 1
forget, 1
mamma, 1
elizabeth, 1
shall, 1
meet, 1
assemblies, 1
promised, 1
introduce, 1
believe, 1
two, 1
nieces, 1
selfish, 1
hypocritical, 1
opinion, 1
find, 1
serving, 1
deigned, 1
reply, 1
unable, 1
contain, 1
began, 1
scolding, 1
dont, 1
keep, 1
coughing, 1
kitty, 1
heavens, 1
sake, 1
tear, 1
pieces, 1
discretion, 1
coughs, 1
father, 1
times, 1
ill, 1
cough, 1
amusement, 1
fretfully, 1
ball, 1
tomorrow, 1
fortnight, 1
aye, 1
does, 1
back, 1
advantage, 1
friend, 1
acquainted, 1
myself, 1
teasing, 1
honour, 1
circumspection, 1
fortnights, 1
acquaintance, 1
cannot, 1
really, 1
venture, 1
somebody, 1
else, 1
neices, 1
stand, 1
chance, 1
act, 1
kindness, 1
decline, 1
office, 1
stared, 1
meaning, 1
emphatic, 1
exclamation, 1
forms, 1
introduction, 1
stress, 1
laid, 1
quite, 1
agree, 1
mary, 1
deep, 1
reflection, 1
read, 1
great, 1
books, 1
extracts, 1
wished, 1
sensible, 1
knew, 1
while, 1
adjusting, 1
ideas, 1
continued, 1
return, 1
sick, 1
sorry, 1
hear, 1
did, 1
morning, 1
called, 1
unlucky, 1
actually, 1
escape, 1
astonishment, 1
ladies, 1
surpassing, 1
rest, 1
tumult, 1
joy, 1
declare, 1
expected, 1
persuade, 1
loved, 1
too, 1
neglect, 1
pleased, 1
joke, 1
gone, 1
never, 1
choose, 1
spoke, 1
left, 1
room, 1
fatigued, 1
raptures, 1
excellent, 1
door, 1
shut, 1
ever, 1
amends, 1
either, 1
matter, 1
time, 1
pleasant, 1
making, 1
new, 1
acquaintances, 1
every, 1
sakes, 1
youngest, 1
dance, 1
stoutly, 1
afraid, 1
im, 1
tallest, 1
spent, 1
conjecturing, 1
bennets, 1
determining, 1
ask, 1
dinner, 1
3, 1
assistance, 1
could, 1
subject, 1
sufficient, 1
draw, 1
husband, 1
satisfactory, 1
description, 1
attacked, 1
various, 1
wayswith, 1
barefaced, 1
questions, 1
ingenious, 1
suppositions, 1
distant, 1
surmises, 1
eluded, 1
skill, 1
were, 1
obliged, 1
accept, 1
secondhand, 1
intelligence, 1
neighbour, 1
report, 1
highly, 1
favourable, 1
wonderfully, 1
extremely, 1
agreeable, 1
crown, 1
whole, 1
meant, 1
assembly, 1
nothing, 1
delightful, 1
fond, 1
dancing, 1
certain, 1
step, 1
towards, 1
falling, 1
lively, 1
hopes, 1
bingleys, 1
heart, 1
entertained, 1
happily, 1
settled, 1
equally, 1
wish, 1
days, 1
sat, 1
ten, 1
minutes, 1
library, 1
being, 1
admitted, 1
sight, 1
whose, 1
saw, 1
somewhat, 1
fortunate, 1
ascertaining, 1
upper, 1
window, 1
wore, 1
blue, 1
coat, 1
rode, 1
black, 1
horse, 1
afterwards, 1
dispatched, 1
already, 1
planned, 1
courses, 1
credit, 1
housekeeping, 1
arrived, 1
deferred, 1
town, 1
consequently, 1
etc, 1
disconcerted, 1
imagine, 1
arrival, 1
hertfordshire, 1
fear, 1
might, 1
flying, 1
another, 1
quieted, 1
fears, 1
starting, 1
idea, 1
london, 1
followed, 1
bring, 1
twelve, 1
seven, 1
gentlemen, 1
grieved, 1
number, 1
comforted, 1
instead, 1
brought, 1
six, 1
londonhis, 1
cousin, 1
entered, 1
consisted, 1
altogethermr, 1
eldest, 1
goodlooking, 1
gentlemanlike, 1
countenance, 1
easy, 1
unaffected, 1
manners, 1
women, 1
air, 1
decided, 1
fashion, 1
brotherinlaw, 1
hurst, 1
looked, 1
gentleman, 1
darcy, 1
drew, 1
attention, 1
tall, 1
person, 1
features, 1
noble, 1
mien, 1
circulation, 1
within, 1
entrance, 1
having, 1
pronounced, 1
figure, 1
declared, 1
handsomer, 1
admiration, 1
gave, 1
disgust, 1
turned, 1
tide, 1
popularity, 1
discovered, 1
proud, 1
above, 1
company, 1
estate, 1
derbyshire, 1
save, 1
most, 1
forbidding, 1
disagreeable, 1
unworthy, 1
compared, 1
himself, 1
principal, 1
people, 1
unreserved, 1
danced, 1
angry, 1
closed, 1
early, 1
talked, 1
amiable, 1
qualities, 1
speak, 1
contrast, 1
between, 1
once, 1
miss, 1
declined, 1
introduced, 1
walking, 1
speaking, 1
occasionally, 1
proudest, 1
world, 1
everybody, 1
hoped, 1
again, 1
amongst, 1
violent, 1
against, 1
dislike, 1
behaviour, 1
sharpened, 1
particular, 1
resentment, 1
slighted, 1
scarcity, 1
sit, 1
dances, 1
during, 1
part, 1
standing, 1
near, 1
conversation, 1
press, 1
join, 1
hate, 1
yourself, 1
stupid, 1
detest, 1
unless, 1
particularly, 1
partner, 1
insupportable, 1
engaged, 1
whom, 1
punishment, 1
up, 1
fastidious, 1
kingdom, 1
met, 1
several, 1
uncommonly, 1
pretty, 1
girl, 1
looking, 1
beautiful, 1
creature, 1
beheld, 1
sitting, 1
behind, 1
turning, 1
round, 1
moment, 1
catching, 1
eye, 1
withdrew, 1
coldly, 1
tolerable, 1
tempt, 1
present, 1
consequence, 1
enjoy, 1
smiles, 1
wasting, 1
advice, 1
walked, 1
off, 1
remained, 1
cordial, 1
toward, 1
story, 1
spirit, 1
playful, 1
disposition, 1
ridiculous, 1
altogether, 1
passed, 1
pleasantly, 1
family, 1
seen, 1
admired, 1
twice, 1
distinguished, 1
gratified, 1
quieter, 1
felt, 1
janes, 1
pleasure, 1
mentioned, 1
accomplished, 1
catherine, 1
without, 1
partners, 1
yet, 1
learnt, 1
care, 1
spirits, 1
longbourn, 1
village, 1
where, 1
lived, 1
inhabitants, 1
found, 1
book, 1
regardless, 1
deal, 1
curiosity, 1
event, 1
raised, 1
splendid, 1
expectations, 1
rather, 1
wifes, 1
stranger, 1
disappointed, 1
out, 1
different, 1
thought, 1
asked, 1
vexed, 1
admire, 1
nobody, 1
seemed, 1
struck, 1
going, 1
inquired, 1
got, 1
third, 1
king, 1
fourth, 1
maria, 1
fifth, 1
sixth, 1
boulanger, 1
gods, 1
sprained, 1
ankle, 1
excessively, 1
charming, 1
elegant, 1
dresses, 1
lace, 1
hursts, 1
gown, 1
interrupted, 1
protested, 1
finery, 1
seek, 1
branch, 1
related, 1
bitterness, 1
exaggeration, 1
shocking, 1
rudeness, 1
added, 1
lose, 1
suiting, 1
fancy, 1
horrid, 1
worth, 1
pleasing, 1
conceited, 1
enduring, 1
fancying, 1
given, 1
setdowns, 1
4, 1
alone, 1
former, 1
cautious, 1
praise, 1
expressed, 1
sister, 1
happy, 1
mannersso, 1
ease, 1
perfect, 1
breeding, 1
also, 1
likewise, 1
possibly, 1
thereby, 1
complete, 1
flattered, 1
asking, 1
expect, 1
compliment, 1
difference, 1
compliments, 1
surprise, 1
natural, 1
help, 1
seeing, 1
thanks, 1
gallantry, 1
leave, 1
liked, 1
stupider, 1
apt, 1
fault, 1
anybody, 1
eyes, 1
human, 1
hasty, 1
censuring, 1
anyone, 1
makes, 1
wonder, 1
sense, 1
honestly, 1
blind, 1
follies, 1
affectation, 1
candour, 1
common, 1
enoughone, 1
meets, 1
everywhere, 1
candid, 1
ostentation, 1
designto, 1
everybodys, 1
badbelongs, 1
mans, 1
equal, 1
notat, 1
converse, 1
brother, 1
mistaken, 1
listened, 1
silence, 1
convinced, 1
calculated, 1
please, 1
observation, 1
pliancy, 1
judgement, 1
unassailed, 1
disposed, 1
approve, 1
fact, 1
deficient, 1
power, 1
chose, 1
educated, 1
private, 1
seminaries, 1
pounds, 1
habit, 1
spending, 1
associating, 1
rank, 1
entitled, 1
meanly, 1
respectable, 1
circumstance, 1
deeply, 1
impressed, 1
memories, 1
brothers, 1
acquired, 1
trade, 1
inherited, 1
amount, 1
nearly, 1
hundred, 1
purchase, 1
sometimes, 1
choice, 1
county, 1
provided, 1
liberty, 1
manor, 1
doubtful, 1
easiness, 1
whether, 1
spend, 1
remainder, 1
generation, 1
anxious, 1
established, 1
tenant, 1
means, 1
unwilling, 1
preside, 1
tablenor, 1
home, 1
suited, 1
age, 1
tempted, 1
accidental, 1
recommendation, 1
look, 1
halfanhourwas, 1
situation, 1
rooms, 1
satisfied, 1
owner, 1
took, 1
steady, 1
friendship, 1
spite, 1
opposition, 1
endeared, 1
openness, 1
ductility, 1
offer, 1
greater, 1
appeared, 1
dissatisfied, 1
strength, 1
darcys, 1
regard, 1
firmest, 1
reliance, 1
highest, 1
superior, 1
clever, 1
same, 1
haughty, 1
reserved, 1
wellbred, 1
inviting, 1
greatly, 1
wherever, 1
continually, 1
offense, 1
meryton, 1
sufficiently, 1
characteristic, 1
prettier, 1
kind, 1
attentive, 1
formality, 1
stiffness, 1
conceive, 1
angel, 1
contrary, 1
collection, 1
smallest, 1
interest, 1
received, 1
smiled, 1
allowed, 1
sobut, 1
sweet, 1
object, 1
authorized, 1
commendation, 1
5, 1
short, 1
walk, 1
intimate, 1
formerly, 1
risen, 1
knighthood, 1
address, 1
mayoralty, 1
distinction, 1
strongly, 1
residence, 1
small, 1
market, 1
quitting, 1
both, 1
removed, 1
mile, 1
denominated, 1
period, 1
lodge, 1
importance, 1
unshackled, 1
occupy, 1
solely, 1
civil, 1
elated, 1
render, 1
supercilious, 1
nature, 1
inoffensive, 1
friendly, 1
obliging, 1
presentation, 1
st, 1
jamess, 1
courteous, 1
valuable, 1
intelligent, 1
twentyseven, 1
elizabeths, 1
lucases, 1
absolutely, 1
necessary, 1
communicate, 1
charlotte, 1
selfcommand, 1
yes, 1
suppose, 1
because, 1
seem, 1
herindeed, 1
didi, 1
itbut, 1
hardly, 1
whatsomething, 1
robinson, 1
overheard, 1
robinsons, 1
prettiest, 1
answering, 1
question, 1
beyond, 1
doubt, 1
opinions, 1
point, 1
indeedthat, 1
ifbut, 1
overhearings, 1
purpose, 1
yours, 1
eliza, 1
listening, 1
hepoor, 1
elizato, 1
beg, 1
put, 1
lizzys, 1
head, 1
illtreatment, 1
misfortune, 1
night, 1
close, 1
halfanhour, 1
opening, 1
lips, 1
maamis, 1
ayebecause, 1
speaks, 1
remarkably, 1
guess, 1
eat, 1
somehow, 1
carriage, 1
hack, 1
talking, 1
maam, 1
safely, 1
promise, 1
offend, 1
excuse, 1
everything, 1
favour, 1
express, 1
right, 1
true, 1
easily, 1
forgive, 1
mortified, 1
mine, 1
observed, 1
piqued, 1
solidity, 1
reflections, 1
failing, 1
prone, 1
cherish, 1
feeling, 1
selfcomplacency, 1
score, 1
quality, 1
real, 1
imaginary, 1
vanity, 1
things, 1
words, 1
used, 1
synonymously, 1
vain, 1
relates, 1
ourselves, 1
rich, 1
pack, 1
foxhounds, 1
drink, 1
bottle, 1
wine, 1
away, 1
directly, 1
boy, 1
argument, 1
ended, 1
6, 1
due, 1
form, 1
grew, 1
goodwill, 1
intolerable, 1
younger, 1
greatest, 1
superciliousness, 1
treatment, 1
excepting, 1
even, 1
value, 1
arising, 1
probability, 1
influence, 1
generally, 1
evident, 1
whenever, 1
yielding, 1
begun, 1
entertain, 1
united, 1
composure, 1
uniform, 1
cheerfulness, 1
guard, 1
suspicions, 1
impertinent, 1
able, 1
impose, 1
public, 1
case, 1
disadvantage, 1
guarded, 1
conceals, 1
affection, 1
opportunity, 1
fixing, 1
consolation, 1
dark, 1
gratitude, 1
almost, 1
attachment, 1
safe, 1
itself, 1
begin, 1
freelya, 1
slight, 1
encouragement, 1
nine, 1
show, 1
feels, 1
undoubtedly, 1
allow, 1
perceive, 1
simpleton, 1
discover, 1
remember, 1
partial, 1
endeavour, 1
conceal, 1
sees, 1
tolerably, 1
hours, 1
together, 1
each, 1
mixed, 1
parties, 1
conversing, 1
halfhour, 1
command, 1
secure, 1
leisure, 1
plan, 1
adopt, 1
acting, 1
degree, 1
reasonableness, 1
dined, 1
represent, 1
appetite, 1
evenings, 1
togetherand, 1
enabled, 1
ascertain, 1
vingtun, 1
commerce, 1
leading, 1
unfolded, 1
success, 1
happiness, 1
studying, 1
twelvemonth, 1
marriage, 1
entirely, 1
dispositions, 1
similar, 1
beforehand, 1
advance, 1
felicity, 1
continue, 1
grow, 1
unlike, 1
vexation, 1
possible, 1
defects, 1
pass, 1
laugh, 1
sound, 1
occupied, 1
attentions, 1
far, 1
suspecting, 1
becoming, 1
scarcely, 1
criticise, 1
sooner, 1
clear, 1
feature, 1
face, 1
rendered, 1
expression, 1
discovery, 1
succeeded, 1
mortifying, 1
detected, 1
critical, 1
failure, 1
symmetry, 1
forced, 1
acknowledge, 1
light, 1
asserting, 1
fashionable, 1
caught, 1
playfulness, 1
perfectly, 1
unaware, 1
nowhere, 1
attended, 1
doing, 1
notice, 1
lucass, 1
assembled, 1
colonel, 1
forster, 1
satirical, 1
approaching, 1
seeming, 1
intention, 1
defied, 1
provoking, 1
energy, 1
energetic, 1
severe, 1
turn, 1
teased, 1
open, 1
instrument, 1
follows, 1
strange, 1
friendalways, 1
wanting, 1
play, 1
sing, 1
musical, 1
invaluable, 1
performers, 1
persevering, 1
gravely, 1
glancing, 1
saying, 1
course, 1
familiar, 1
breath, 1
cool, 1
porridge, 1
swell, 1
song, 1
performance, 1
capital, 1
entreaties, 1
eagerly, 1
plain, 1
worked, 1
hard, 1
accomplishments, 1
impatient, 1
display, 1
neither, 1
genius, 1
taste, 1
application, 1
pedantic, 1
injured, 1
higher, 1
excellence, 1
reached, 1
playing, 1
concerto, 1
scotch, 1
irish, 1
airs, 1
request, 1
three, 1
officers, 1
joined, 1
stood, 1
silent, 1
indignation, 1
mode, 1
passing, 1
exclusion, 1
engrossed, 1
thoughts, 1
thus, 1
refinements, 1
polished, 1
society, 1
vogue, 1
societies, 1
savage, 1
performs, 1
delightfully, 1
pause, 1
group, 1
adept, 1
science, 1
inconsiderable, 1
proper, 1
pay, 1
avoid, 1
conclude, 1
bowed, 1
myselffor, 1
feel, 1
paused, 1
companion, 1
instant, 1
moving, 1
action, 1
gallant, 1
desirable, 1
refuse, 1
taking, 1
hand, 1
surprised, 1
receive, 1
instantly, 1
discomposure, 1
entreat, 1
moved, 1
order, 1
grave, 1
propriety, 1
requested, 1
shake, 1
attempt, 1
persuasion, 1
excel, 1
cruel, 1
deny, 1
dislikes, 1
oblige, 1
politeness, 1
smiling, 1
considering, 1
inducement, 1
complaisancefor, 1
archly, 1
resistance, 1
complacency, 1
accosted, 1
reverie, 1
mannerin, 1
annoyed, 1
insipidity, 1
noisethe, 1
nothingness, 1
selfimportance, 1
strictures, 1
conjecture, 1
totally, 1
wrong, 1
agreeably, 1
meditating, 1
pair, 1
bestow, 1
desired, 1
inspiring, 1
intrepidity, 1
repeated, 1
favouriteand, 1
pray, 1
exactly, 1
ladys, 1
imagination, 1
rapid, 1
jumps, 1
matrimony, 1
wishing, 1
nay, 1
serious, 1
motherinlaw, 1
pemberley, 1
indifference, 1
wit, 1
flowed, 1
7, 1
unfortunately, 1
entailed, 1
default, 1
heirs, 1
male, 1
relation, 1
mothers, 1
ample, 1
supply, 1
deficiency, 1
attorney, 1
phillips, 1
clerk, 1
line, 1
convenient, 1
distance, 1
usually, 1
thither, 1
duty, 1
aunt, 1
milliners, 1
shop, 1
frequent, 1
vacant, 1
offered, 1
amuse, 1
furnish, 1
bare, 1
country, 1
contrived, 1
learn, 1
supplied, 1
recent, 1
militia, 1
regiment, 1
remain, 1
winter, 1
headquarters, 1
visits, 1
productive, 1
interesting, 1
names, 1
connections, 1
lodgings, 1
secret, 1
length, 1
visited, 1
opened, 1
store, 1
unknown, 1
animation, 1
worthless, 1
opposed, 1
regimentals, 1
ensign, 1
effusions, 1
coolly, 1
collect, 1
silliest, 1
suspected, 1
captain, 1
carter, 1
astonished, 1
ready, 1
slightingly, 1
anybodys, 1
yesbut, 1
happens, 1
sentiments, 1
coincided, 1
differ, 1
foolish, 1
red, 1
welland, 1
smart, 1
williams, 1
watsons, 1
clarkes, 1
prevented, 1
replying, 1
footman, 1
note, 1
servant, 1
sparkled, 1
calling, 1
haste, 1
aloud, 1
compassionate, 1
dine, 1
today, 1
louisa, 1
danger, 1
hating, 1
lives, 1
teteatete, 1
quarrel, 1
receipt, 1
officersyours, 1
caroline, 1
dining, 1
horseback, 1
seems, 1
rain, 1
stay, 1
scheme, 1
horses, 1
theirs, 1
coach, 1
spare, 1
wanted, 1
farm, 1
oftener, 1
answered, 1
extort, 1
acknowledgment, 1
cheerful, 1
prognostics, 1
bad, 1
rained, 1
uneasy, 1
intermission, 1
lucky, 1
aware, 1
contrivance, 1
breakfast, 1
dearest, 1
unwell, 1
imputed, 1
getting, 1
wet, 1
through, 1
yesterday, 1
returning, 1
insist, 1
jonestherefore, 1
alarmed, 1
meand, 1
sore, 1
throat, 1
headache, 1
meyours, 1
dangerous, 1
fit, 1
illnessif, 1
die, 1
comfort, 1
pursuit, 1
under, 1
orders, 1
dying, 1
trifling, 1
colds, 1
stays, 1
horsewoman, 1
alternative, 1
resolution, 1
dirt, 1
janewhich, 1
hint, 1
motive, 1
miles, 1
activity, 1
benevolence, 1
impulse, 1
guided, 1
reason, 1
exertion, 1
proportion, 1
required, 1
accepted, 1
set, 1
along, 1
goes, 1
parted, 1
repaired, 1
wives, 1
crossing, 1
field, 1
pace, 1
jumping, 1
stiles, 1
springing, 1
puddles, 1
finding, 1
view, 1
weary, 1
ankles, 1
dirty, 1
stockings, 1
glowing, 1
warmth, 1
exercise, 1
shown, 1
breakfastparlour, 1
appearance, 1
created, 1
weather, 1
incredible, 1
held, 1
contempt, 1
politely, 1
divided, 1
brilliancy, 1
complexion, 1
occasions, 1
justifying, 1
coming, 1
latter, 1
inquiries, 1
favourably, 1
slept, 1
feverish, 1
withheld, 1
alarm, 1
inconvenience, 1
expressing, 1
longed, 1
besides, 1
expressions, 1
treated, 1
silently, 1
solicitude, 1
showed, 1
apothecary, 1
examined, 1
patient, 1
supposed, 1
cold, 1
advised, 1
bed, 1
draughts, 1
readily, 1
symptoms, 1
increased, 1
ached, 1
acutely, 1
quit, 1
absent, 1
elsewhere, 1
clock, 1
unwillingly, 1
pressing, 1
testified, 1
concern, 1
parting, 1
convert, 1
thankfully, 1
consented, 1
acquaint, 1
clothes, 1
8, 1
oclock, 1
retired, 1
dress, 1
halfpast, 1
summoned, 1
poured, 1
distinguishing, 1
disliked, 1
restored, 1
enjoyment, 1
anxiety, 1
intruder, 1
believed, 1
indolent, 1
cards, 1
prefer, 1
dish, 1
ragout, 1
abusing, 1
impertinence, 1
style, 1
walker, 1
wild, 1
nonsensical, 1
scampering, 1
hair, 1
untidy, 1
blowsy, 1
petticoat, 1
inches, 1
mud, 1
hide, 1
picture, 1
exact, 1
lost, 1
escaped, 1
inclined, 1
exhibition, 1
whatever, 1
abominable, 1
sort, 1
independence, 1
countrytown, 1
decorum, 1
shows, 1
whisper, 1
adventure, 1
affected, 1
brightened, 1
speech, 1
excessive, 1
low, 1
uncle, 1
somewhere, 1
cheapside, 1
laughed, 1
heartily, 1
uncles, 1
fill, 1
jot, 1
materially, 1
lessen, 1
assent, 1
indulged, 1
mirth, 1
expense, 1
vulgar, 1
relations, 1
renewal, 1
tenderness, 1
leaving, 1
diningparlour, 1
coffee, 1
poorly, 1
late, 1
sleep, 1
downstairs, 1
drawingroom, 1
loo, 1
invited, 1
below, 1
reading, 1
singular, 1
despises, 1
reader, 1
deserve, 1
censure, 1
nursing, 1
thanked, 1
table, 1
lying, 1
fetch, 1
othersall, 1
afforded, 1
larger, 1
benefit, 1
idle, 1
fellow, 1
assured, 1
suit, 1
work, 1
generations, 1
buying, 1
comprehend, 1
add, 1
beauties, 1
charles, 1
build, 1
advise, 1
model, 1
finer, 1
buy, 1
sell, 1
possibilities, 1
imitation, 1
laying, 1
wholly, 1
aside, 1
cardtable, 1
stationed, 1
observe, 1
game, 1
grown, 1
spring, 1
height, 1
taller, 1
pianoforte, 1
exquisite, 1
amazing, 1
patience, 1
paint, 1
tables, 1
cover, 1
screens, 1
net, 1
purses, 1
spoken, 1
informed, 1
list, 1
extent, 1
applied, 1
deserves, 1
otherwise, 1
netting, 1
purse, 1
covering, 1
screen, 1
agreeing, 1
estimation, 1
boast, 1
knowing, 1
halfadozen, 1
range, 1
faithful, 1
assistant, 1
esteemed, 1
surpass, 1
thorough, 1
music, 1
singing, 1
drawing, 1
modern, 1
languages, 1
possess, 1
tone, 1
voice, 1
halfdeserved, 1
substantial, 1
improvement, 1
extensive, 1
longer, 1
sex, 1
possibility, 1
capacity, 1
elegance, 1
describe, 1
injustice, 1
implied, 1
protesting, 1
bitter, 1
complaints, 1
inattention, 1
forward, 1
undervaluing, 1
succeeds, 1
paltry, 1
device, 1
art, 1
remark, 1
chiefly, 1
meanness, 1
arts, 1
condescend, 1
employ, 1
captivation, 1
bears, 1
affinity, 1
cunning, 1
despicable, 1
worse, 1
urged, 1
jones, 1
sent, 1
service, 1
recommended, 1
eminent, 1
physicians, 1
comply, 1
proposal, 1
decidedly, 1
uncomfortable, 1
miserable, 1
solaced, 1
wretchedness, 1
duets, 1
supper, 1
relief, 1
housekeeper, 1
directions, 1
9, 1
chief, 1
housemaid, 1
amendment, 1
desiring, 1
contents, 1
quickly, 1
complied, 1
accompanied, 1
apparent, 1
illness, 1
alarming, 1
recovering, 1
restoration, 1
health, 1
probably, 1
remove, 1
listen, 1
carried, 1
advisable, 1
parlour, 1
trespass, 1
removal, 1
madam, 1
civility, 1
remains, 1
profuse, 1
acknowledgments, 1
become, 1
suffers, 1
vast, 1
exception, 1
sweetest, 1
prospect, 1
gravel, 1
hurry, 1
lease, 1
done, 1
resolve, 1
yesi, 1
pitiful, 1
follow, 1
intricate, 1
estimable, 1
run, 1
suffered, 1
studier, 1
amusing, 1
study, 1
characters, 1
subjects, 1
move, 1
confined, 1
unvarying, 1
alter, 1
offended, 1
mentioning, 1
gained, 1
victory, 1
triumph, 1
except, 1
shops, 1
places, 1
pleasanter, 1
advantages, 1
ayethat, 1
blushing, 1
mistook, 1
variety, 1
meeting, 1
neighbourhoods, 1
fourandtwenty, 1
enable, 1
delicate, 1
directed, 1
expressive, 1
smile, 1
genteel, 1
persons, 1
important, 1
mouths, 1
mincepies, 1
differently, 1
judge, 1
pity, 1
plainbut, 1
envied, 1
child, 1
janeone, 1
trust, 1
partiality, 1
fifteen, 1
gardiners, 1
sisterinlaw, 1
wrote, 1
verses, 1
overcome, 1
efficacy, 1
poetry, 1
driving, 1
food, 1
stout, 1
healthy, 1
nourishes, 1
strong, 1
thin, 1
inclination, 1
sonnet, 1
starve, 1
ensued, 1
tremble, 1
lest, 1
exposing, 1
repeating, 1
apology, 1
troubling, 1
unaffectedly, 1
performed, 1
graciousness, 1
ordered, 1
signal, 1
whispering, 1
result, 1
tax, 1
wellgrown, 1
favourite, 1
animal, 1
selfconsequence, 1
dinners, 1
assurance, 1
abruptly, 1
reminded, 1
adding, 1
shameful, 1
sudden, 1
attack, 1
ear, 1
engagement, 1
recovered, 1
yesit, 1
wait, 1
shame, 1
departed, 1
remarks, 1
prevailed, 1
witticisms, 1
10, 1
invalid, 1
slowly, 1
mend, 1
lootable, 1
appear, 1
writing, 1
seated, 1
watching, 1
progress, 1
letter, 1
repeatedly, 1
messages, 1
piquet, 1
needlework, 1
amused, 1
attending, 1
perpetual, 1
commendations, 1
handwriting, 1
evenness, 1
unconcern, 1
praises, 1
formed, 1
curious, 1
dialogue, 1
union, 1
write, 1
fast, 1
letters, 1
odious, 1
lot, 1
pen, 1
pens, 1
thank, 1
youbut, 1
contrive, 1
harp, 1
infinitely, 1
grantleys, 1
defer, 1
justice, 1
january, 1
determine, 1
rule, 1
studies, 1
syllables, 1
writes, 1
careless, 1
imaginable, 1
leaves, 1
blots, 1
flow, 1
rapidly, 1
themby, 1
convey, 1
correspondents, 1
humility, 1
disarm, 1
reproof, 1
deceitful, 1
carelessness, 1
indirect, 1
call, 1
piece, 1
modesty, 1
proceeding, 1
rapidity, 1
execution, 1
prized, 1
possessor, 1
imperfection, 1
resolved, 1
panegyric, 1
yourselfand, 1
laudable, 1
precipitance, 1
undone, 1
assume, 1
needless, 1
celerity, 1
conduct, 1
dependent, 1
mounting, 1
goand, 1
month, 1
proved, 1
exceedingly, 1
converting, 1
sweetness, 1
intend, 1
flat, 1
denial, 1
ride, 1
rashness, 1
original, 1
intentions, 1
atoned, 1
obstinacy, 1
adhering, 1
explain, 1
allowing, 1
according, 1
representation, 1
delay, 1
offering, 1
yield, 1
readilyeasilyto, 1
merit, 1
conviction, 1
requester, 1
waiting, 1
arguments, 1
occurs, 1
discuss, 1
thereupon, 1
ordinary, 1
change, 1
complying, 1
argued, 1
proceed, 1
arrange, 1
precision, 1
appertain, 1
intimacy, 1
subsisting, 1
particulars, 1
forgetting, 1
comparative, 1
size, 1
weight, 1
comparison, 1
deference, 1
awful, 1
especially, 1
sunday, 1
checked, 1
warmly, 1
resented, 1
indignity, 1
expostulation, 1
disputes, 1
thankful, 1
sacrifice, 1
side, 1
finish, 1
indulgence, 1
alacrity, 1
polite, 1
lead, 1
earnestly, 1
negatived, 1
sang, 1
musicbooks, 1
lay, 1
frequently, 1
reprehensible, 1
supposition, 1
pain, 1
approbation, 1
italian, 1
songs, 1
varied, 1
charm, 1
seize, 1
reel, 1
despising, 1
overthrowing, 1
schemes, 1
cheating, 1
premeditated, 1
alland, 1
despise, 1
affront, 1
amazed, 1
archness, 1
bewitched, 1
inferiority, 1
jealous, 1
recovery, 1
rid, 1
tried, 1
provoke, 1
disliking, 1
guest, 1
planning, 1
alliance, 1
shrubbery, 1
hints, 1
takes, 1
holding, 1
tongue, 1
compass, 1
cure, 1
running, 1
check, 1
bordering, 1
conceit, 1
possesses, 1
propose, 1
domestic, 1
portraits, 1
placed, 1
gallery, 1
greatuncle, 1
profession, 1
painter, 1
catch, 1
colour, 1
shape, 1
eyelashes, 1
copied, 1
confusion, 1
abominably, 1
telling, 1
disengaged, 1
arm, 1
path, 1
wide, 1
avenue, 1
laughingly, 1
charmingly, 1
grouped, 1
uncommon, 1
picturesque, 1
spoilt, 1
admitting, 1
goodbye, 1
ran, 1
gaily, 1
rejoicing, 1
rambled, 1
couple, 1
11, 1
welcomed, 1
professions, 1
hour, 1
powers, 1
considerable, 1
entertainment, 1
accuracy, 1
relate, 1
anecdote, 1
advanced, 1
steps, 1
congratulation, 1
bow, 1
diffuseness, 1
salutation, 1
full, 1
piling, 1
fire, 1
fireplace, 1
further, 1
opposite, 1
corner, 1
tea, 1
cardtablebut, 1
obtained, 1
petition, 1
rejected, 1
justify, 1
stretch, 1
sofas, 1
principally, 1
bracelets, 1
rings, 1
perpetually, 1
inquiry, 1
page, 1
win, 1
exhausted, 1
chosen, 1
volume, 1
yawn, 1
tires, 1
yawned, 1
threw, 1
cast, 1
quest, 1
bye, 1
consult, 1
wishes, 1
beginsbut, 1
nicholls, 1
white, 1
soup, 1
balls, 1
insufferably, 1
tedious, 1
usual, 1
process, 1
rational, 1
aimed, 1
inflexibly, 1
studious, 1
desperation, 1
effort, 1
example, 1
refreshing, 1
attitude, 1
awake, 1
novelty, 1
quarter, 1
unconsciously, 1
motives, 1
choosing, 1
joining, 1
interfere, 1
meaningand, 1
surest, 1
disappointing, 1
incapable, 1
persevered, 1
requiring, 1
explanation, 1
explaining, 1
method, 1
confidence, 1
affairs, 1
conscious, 1
figures, 1
completely, 1
punish, 1
plague, 1
tease, 1
himlaugh, 1
taught, 1
calmness, 1
presence, 1
defy, 1
laughter, 1
expose, 1
attempting, 1
hug, 1
loss, 1
dearly, 1
wisest, 1
mennay, 1
actionsmay, 1
elizabeththere, 1
ridicule, 1
wise, 1
whims, 1
inconsistencies, 1
divert, 1
precisely, 1
weaknesses, 1
weakness, 1
pridewhere, 1
superiority, 1
regulation, 1
examination, 1
presume, 1
defect, 1
owns, 1
disguise, 1
pretension, 1
faults, 1
vouch, 1
yieldingcertainly, 1
convenience, 1
vices, 1
offenses, 1
puffed, 1
resentful, 1
forever, 1
implacable, 1
shade, 1
tendency, 1
evila, 1
education, 1
willfully, 1
misunderstand, 1
tired, 1
waking, 1
moments, 1
recollection, 1
paying, 1
12, 1
agreement, 1
remaining, 1
tuesday, 1
propitious, 1
postscript, 1
pressed, 1
staying, 1
positively, 1
resolvednor, 1
fearful, 1
intruding, 1
needlessly, 1
borrow, 1
communication, 1
excited, 1
morrow, 1
proposed, 1
jealousy, 1
exceeded, 1
master, 1
sorrow, 1
herthat, 1
firm, 1
welcome, 1
intelligenceelizabeth, 1
attracted, 1
likedand, 1
uncivil, 1
wisely, 1
careful, 1
sign, 1
elevate, 1
influencing, 1
suggested, 1
material, 1
confirming, 1
crushing, 1
saturday, 1
adhered, 1
conscientiously, 1
separation, 1
embracing, 1
tenderly, 1
shook, 1
hands, 1
liveliest, 1
cordially, 1
wondered, 1
trouble, 1
laconic, 1
circle, 1
absence, 1
thoroughbass, 1
observations, 1
threadbare, 1
morality, 1
preceding, 1
wednesday, 1
lately, 1
flogged, 1
hinted, 1
13, 1
addition, 1
happen, 1
inand, 1
butgood, 1
lord, 1
fish, 1
ring, 1
belli, 1
hill, 1
roused, 1
questioned, 1
explained, 1
ago, 1
delicacy, 1
collins, 1
dead, 1
pleases, 1
bear, 1
hardest, 1
entail, 1
attempted, 1
reach, 1
rail, 1
bitterly, 1
cruelty, 1
cared, 1
iniquitous, 1
affair, 1
guilt, 1
inheriting, 1
softened, 1
false, 1
quarreling, 1
filial, 1
scruples, 1
hunsford, 1
westerham, 1
kent, 1
15th, 1
october, 1
disagreement, 1
honoured, 1
uneasiness, 1
heal, 1
breach, 1
kept, 1
doubts, 1
fearing, 1
disrespectful, 1
memory, 1
terms, 1
variancethere, 1
bennetmy, 1
ordination, 1
easter, 1
patronage, 1
honourable, 1
de, 1
bourgh, 1
widow, 1
lewis, 1
bounty, 1
beneficence, 1
preferred, 1
rectory, 1
parish, 1
earnest, 1
demean, 1
grateful, 1
ladyship, 1
perform, 1
rites, 1
ceremonies, 1
instituted, 1
church, 1
clergyman, 1
moreover, 1
promote, 1
establish, 1
blessing, 1
peace, 1
grounds, 1
overtures, 1
commendable, 1
kindly, 1
overlooked, 1
reject, 1
olivebranch, 1
concerned, 1
injuring, 1
apologise, 1
readiness, 1
amendsbut, 1
hereafter, 1
satisfaction, 1
november, 1
18th, 1
hospitality, 1
seennight, 1
objecting, 1
occasional, 1
dayi, 1
respectful, 1
wellwisher, 1
peacemaking, 1
folded, 1
conscientious, 1
prove, 1
indulgent, 1
discourage, 1
atonement, 1
thinks, 1
christening, 1
burying, 1
parishioners, 1
oddity, 1
outthere, 1
pompous, 1
styleand, 1
apologising, 1
entailwe, 1
couldcould, 1
reverse, 1
servility, 1
promises, 1
composition, 1
defective, 1
writer, 1
scarlet, 1
weeks, 1
collinss, 1
illwill, 1
preparing, 1
punctual, 1
need, 1
heavylooking, 1
fiveandtwenty, 1
stately, 1
formal, 1
complimented, 1
instance, 1
fame, 1
fallen, 1
hearers, 1
quarreled, 1
destitute, 1
oddly, 1
allude, 1
grievous, 1
confess, 1
estates, 1
hardship, 1
fair, 1
cousins, 1
appearing, 1
precipitate, 1
prepared, 1
summons, 1
objects, 1
hall, 1
diningroom, 1
furniture, 1
praised, 1
touched, 1
viewing, 1
future, 1
begged, 1
excellency, 1
cooking, 1
owing, 1
asperity, 1
cook, 1
kitchen, 1
pardon, 1
displeased, 1
14, 1
withdrawn, 1
started, 1
shine, 1
patroness, 1
bourghs, 1
remarkable, 1
eloquent, 1
elevated, 1
solemnity, 1
aspect, 1
witnessed, 1
ranksuch, 1
affability, 1
condescension, 1
experienced, 1
graciously, 1
discourses, 1
preaching, 1
rosings, 1
pool, 1
quadrille, 1
reckoned, 1
condescended, 1
marry, 1
humble, 1
parsonage, 1
approved, 1
alterations, 1
vouchsafed, 1
suggest, 1
herselfsome, 1
shelves, 1
closet, 1
stairs, 1
garden, 1
stands, 1
abode, 1
separated, 1
lane, 1
ladyships, 1
heiress, 1
shaking, 1
handsomest, 1
marks, 1
birth, 1
sickly, 1
constitution, 1
failed, 1
superintended, 1
resides, 1
condescends, 1
drive, 1
phaeton, 1
ponies, 1
presented, 1
court, 1
indifferent, 1
state, 1
unhappily, 1
prevents, 1
deprived, 1
british, 1
brightest, 1
ornament, 1
acceptable, 1
born, 1
duchess, 1
adorned, 1
peculiarly, 1
bound, 1
properly, 1
talent, 1
flattering, 1
previous, 1
arise, 1
suggesting, 1
arranging, 1
adapted, 1
unstudied, 1
fully, 1
absurd, 1
keenest, 1
maintaining, 1
resolute, 1
glance, 1
teatime, 1
dose, 1
invite, 1
assented, 1
produced, 1
beholding, 1
announced, 1
circulating, 1
begging, 1
novels, 1
exclaimed, 1
deliberation, 1
fordyces, 1
sermons, 1
gaped, 1
monotonous, 1
pages, 1
talks, 1
richard, 1
hire, 1
denny, 1
bid, 1
hold, 1
interested, 1
stamp, 1
written, 1
amazes, 1
advantageous, 1
instruction, 1
importune, 1
antagonist, 1
backgammon, 1
challenge, 1
acted, 1
amusements, 1
apologised, 1
civilly, 1
lydias, 1
interruption, 1
occur, 1
resume, 1
bore, 1
resent, 1
15, 1
assisted, 1
guidance, 1
illiterate, 1
miserly, 1
belonged, 1
universities, 1
forming, 1
useful, 1
subjection, 1
originally, 1
counteracted, 1
selfconceit, 1
weak, 1
living, 1
retirement, 1
consequential, 1
unexpected, 1
prosperity, 1
veneration, 1
mingling, 1
authority, 1
rector, 1
obsequiousness, 1
income, 1
seeking, 1
reconciliation, 1
represented, 1
amendsof, 1
atonementfor, 1
fathers, 1
eligibility, 1
suitableness, 1
generous, 1
disinterested, 1
vary, 1
lovely, 1
confirmed, 1
strictest, 1
notions, 1
seniority, 1
alteration, 1
beginning, 1
parsonagehouse, 1
naturally, 1
avowal, 1
mistress, 1
amid, 1
complaisant, 1
caution, 1
sayshe, 1
answerbut, 1
prepossession, 1
mentionshe, 1
incumbent, 1
elizabethand, 1
donedone, 1
stirring, 1
treasured, 1
trusted, 1
graces, 1
forgotten, 1
attend, 1
nominally, 1
largest, 1
folios, 1
cessation, 1
doings, 1
discomposed, 1
tranquillity, 1
folly, 1
free, 1
prompt, 1
fitted, 1
nothings, 1
assents, 1
ones, 1
wandering, 1
street, 1
bonnet, 1
muslin, 1
recall, 1
officer, 1
concerning, 1
inquire, 1
strangers, 1
led, 1
across, 1
pretense, 1
fortunately, 1
pavement, 1
spot, 1
entreated, 1
permission, 1
wickham, 1
commission, 1
corps, 1
conversationa, 1
correct, 1
unassuming, 1
riding, 1
civilities, 1
spokesman, 1
corroborated, 1
fix, 1
arrested, 1
happening, 1
effect, 1
changed, 1
hata, 1
minute, 1
noticed, 1
bows, 1
phillipss, 1
throwing, 1
loudly, 1
seconding, 1
fetched, 1
happened, 1
joness, 1
shopboy, 1
claimed, 1
intrusion, 1
justified, 1
relationship, 1
awed, 1
excess, 1
contemplation, 1
exclamations, 1
lieutenants, 1
shire, 1
occupation, 1
unluckily, 1
windows, 1
fellows, 1
phillipses, 1
nice, 1
comfortable, 1
noisy, 1
lottery, 1
tickets, 1
hot, 1
delights, 1
cheering, 1
mutual, 1
apologies, 1
unwearying, 1
defended, 1
admiring, 1
utmost, 1
pointedly, 1
included, 1
although, 1
utterly, 1
attributed, 1
connection, 1
16, 1
peoples, 1
steadily, 1
resisted, 1
conveyed, 1
suitable, 1
seats, 1
around, 1
apartment, 1
summer, 1
gratification, 1
understood, 1
proprietorwhen, 1
catherines, 1
drawingrooms, 1
chimneypiece, 1
cost, 1
eight, 1
force, 1
housekeepers, 1
describing, 1
grandeur, 1
mansion, 1
digressions, 1
improvements, 1
receiving, 1
until, 1
listener, 1
resolving, 1
retail, 1
neighbours, 1
examine, 1
imitations, 1
china, 1
mantelpiece, 1
interval, 1
approach, 1
unreasonable, 1
creditable, 1
broadfaced, 1
stuffy, 1
breathing, 1
port, 1
female, 1
finally, 1
fell, 1
commonest, 1
dullest, 1
topic, 1
speaker, 1
rivals, 1
sink, 1
insignificance, 1
intervals, 1
watchfulness, 1
abundantly, 1
muffin, 1
cardtables, 1
whist, 1
improve, 1
compliance, 1
engrossing, 1
talker, 1
eager, 1
bets, 1
exclaiming, 1
prizes, 1
demands, 1
willing, 1
toldthe, 1
history, 1
dared, 1
unexpectedly, 1
relieved, 1
hesitating, 1
drop, 1
per, 1
annum, 1
capable, 1
connected, 1
infancy, 1
assertion, 1
qualified, 1
impartial, 1
astonishand, 1
anywhere, 1
disgusted, 1
estimated, 1
deserts, 1
blinded, 1
frightened, 1
imposing, 1
illtempered, 1
plans, 1
noit, 1
driven, 1
gives, 1
avoiding, 1
proclaim, 1
illusage, 1
painful, 1
regrets, 1
breathed, 1
truest, 1
soul, 1
tender, 1
recollections, 1
scandalous, 1
verily, 1
disgracing, 1
increase, 1
topics, 1
gentle, 1
intelligible, 1
constant, 1
enter, 1
quarters, 1
procured, 1
solitude, 1
employment, 1
military, 1
circumstances, 1
eligible, 1
professioni, 1
yesthe, 1
bequeathed, 1
gift, 1
godfather, 1
attached, 1
provide, 1
amply, 1
disregarded, 1
legal, 1
redress, 1
informality, 1
bequest, 1
law, 1
doubted, 1
itor, 1
treat, 1
conditional, 1
assert, 1
forfeited, 1
claim, 1
extravagance, 1
imprudencein, 1
became, 1
accuse, 1
warm, 1
unguarded, 1
freely, 1
hates, 1
publicly, 1
disgraced, 1
bebut, 1
induced, 1
behave, 1
cruelly, 1
mea, 1
attribute, 1
measure, 1
son, 1
borne, 1
irritated, 1
competition, 1
stoodthe, 1
thisthough, 1
fellowcreatures, 1
suspect, 1
descending, 1
malicious, 1
revenge, 1
inhumanity, 1
boasting, 1
implacability, 1
resentments, 1
unforgiving, 1
dreadful, 1
godson, 1
amiablebut, 1
contented, 1
childhood, 1
closest, 1
youth, 1
inmates, 1
sharing, 1
parental, 1
appears, 1
tobut, 1
devoted, 1
confidential, 1
obligations, 1
active, 1
superintendence, 1
death, 1
voluntary, 1
providing, 1
debt, 1
dishonestfor, 1
dishonesty, 1
wonderful, 1
actions, 1
traced, 1
nearer, 1
virtue, 1
consistent, 1
stronger, 1
impulses, 1
liberal, 1
money, 1
assist, 1
tenants, 1
relieve, 1
pridefor, 1
washave, 1
disgrace, 1
degenerate, 1
popular, 1
powerful, 1
brotherly, 1
guardian, 1
brothervery, 1
affectionate, 1
sixteen, 1
superintends, 1
pauses, 1
trials, 1
reverting, 1
truly, 1
sweettempered, 1
abilities, 1
conversible, 1
equals, 1
prosperous, 1
liberalminded, 1
sincere, 1
agreeableallowing, 1
breaking, 1
players, 1
gathered, 1
station, 1
gravity, 1
mere, 1
trifle, 1
chances, 1
shillings, 1
necessity, 1
regarding, 1
matters, 1
wickhams, 1
intimately, 1
anne, 1
existence, 1
unite, 1
useless, 1
selfdestined, 1
misleads, 1
arrogant, 1
dictatorial, 1
insolent, 1
reputation, 1
derives, 1
authoritative, 1
nephew, 1
everyone, 1
class, 1
noise, 1
gracefully, 1
went, 1
incessantly, 1
won, 1
losses, 1
enumerating, 1
dishes, 1
crowded, 1
manage, 1
stopped, 1
17, 1
veracity, 1
endured, 1
unkindness, 1
defend, 1
accident, 1
deceived, 1
misrepresented, 1
causes, 1
alienated, 1
actual, 1
blame, 1
behalf, 1
disgraceful, 1
treating, 1
humanity, 1
imposed, 1
invent, 1
facts, 1
ceremony, 1
contradict, 1
looks, 1
indeedit, 1
distressing, 1
knows, 1
certainty, 1
pointthat, 1
personal, 1
longexpected, 1
rising, 1
hurrying, 1
ceremonious, 1
card, 1
pictured, 1
confirmation, 1
anticipated, 1
depended, 1
satisfy, 1
rate, 1
disinclination, 1
mornings, 1
enoughi, 1
engagements, 1
claims, 1
profess, 1
recreation, 1
unnecessarily, 1
scruple, 1
dreading, 1
rebuke, 1
archbishop, 1
venturing, 1
evil, 1
soliciting, 1
cause, 1
disrespect, 1
liveliness, 1
timed, 1
perforce, 1
delayed, 1
grace, 1
selected, 1
worthy, 1
assisting, 1
visitors, 1
increasing, 1
vivacity, 1
charms, 1
dispute, 1
prepare, 1
pitiable, 1
succession, 1
sought, 1
afterthe, 1
shoeroses, 1
proxy, 1
trial, 1
suspended, 1
friday, 1
endurable, 1
18, 1
cluster, 1
coats, 1
occurred, 1
unreasonably, 1
dressed, 1
conquest, 1
unsubdued, 1
trusting, 1
arose, 1
suspicion, 1
purposely, 1
omitted, 1
absolute, 1
significant, 1
unheard, 1
answerable, 1
surmise, 1
displeasure, 1
immediate, 1
disappointment, 1
approached, 1
attendance, 1
forbearance, 1
injury, 1
illhumour, 1
surmount, 1
provoked, 1
destroyed, 1
dwell, 1
griefs, 1
transition, 1
oddities, 1
distress, 1
mortification, 1
awkward, 1
solemn, 1
misery, 1
release, 1
ecstasy, 1
refreshment, 1
fret, 1
console, 1
heaven, 1
forbid, 1
recommenced, 1
cautioning, 1
unpleasant, 1
dignity, 1
amazement, 1
break, 1
withit, 1
couples, 1
arranged, 1
consulting, 1
gratifying, 1
similarity, 1
unsocial, 1
taciturn, 1
amaze, 1
handed, 1
posterity, 1
eclat, 1
proverb, 1
striking, 1
resemblance, 1
portrait, 1
decide, 1
affirmative, 1
resist, 1
temptation, 1
deeper, 1
hauteur, 1
overspread, 1
blaming, 1
constrained, 1
blessed, 1
ensure, 1
friendswhether, 1
retaining, 1
emphasis, 1
desirous, 1
changing, 1
perceiving, 1
courtesy, 1
belong, 1
circles, 1
congratulations, 1
appeal, 1
darcybut, 1
interrupt, 1
detaining, 1
bewitching, 1
bright, 1
upbraiding, 1
allusion, 1
strike, 1
forcibly, 1
shortly, 1
booksoh, 1
compare, 1
noi, 1
ballroom, 1
occupies, 1
scenesdoes, 1
wandered, 1
forgave, 1
unappeasable, 1
judging, 1
tend, 1
illustration, 1
endeavouring, 1
trying, 1
accounts, 1
puzzle, 1
reports, 1
sketch, 1
reflect, 1
likeness, 1
suspend, 1
breast, 1
anger, 1
disdain, 1
george, 1
forgot, 1
steward, 1
implicit, 1
assertions, 1
using, 1
infamous, 1
including, 1
favourites, 1
descent, 1
angrily, 1
sneer, 1
interferenceit, 1
wilful, 1
ignorance, 1
malice, 1
undertaken, 1
glow, 1
marked, 1
occurrences, 1
enemies, 1
fairest, 1
probity, 1
deserved, 1
imprudent, 1
recollect, 1
believes, 1
conditionally, 1
sincerity, 1
assurances, 1
defense, 1
unacquainted, 1
discourse, 1
sentiment, 1
modest, 1
heighten, 1
pleasantness, 1
exultation, 1
overhear, 1
honours, 1
respects, 1
total, 1
plead, 1
earlier, 1
sennight, 1
dissuade, 1
addressing, 1
freedom, 1
ceased, 1
scope, 1
permit, 1
laity, 1
regulate, 1
clergy, 1
clerical, 1
kingdomprovided, 1
maintained, 1
dictates, 1
conscience, 1
leads, 1
neglecting, 1
profit, 1
guide, 1
habitual, 1
reception, 1
advances, 1
watched, 1
prefaced, 1
motion, 1
eyeing, 1
unrestrained, 1
discouraged, 1
discernment, 1
unworthily, 1
pursue, 1
train, 1
plainly, 1
bent, 1
perverseness, 1
openly, 1
expectation, 1
animating, 1
fatigue, 1
match, 1
points, 1
selfgratulation, 1
promising, 1
lastly, 1
consign, 1
etiquette, 1
concluded, 1
evidently, 1
triumphantly, 1
believing, 1
audible, 1
inexpressible, 1
scolded, 1
owe, 1
lower, 1
blushed, 1
dreaded, 1
invariably, 1
gradually, 1
indignant, 1
composed, 1
yawning, 1
repetition, 1
likelihood, 1
comforts, 1
ham, 1
chicken, 1
revive, 1
entreaty, 1
prevent, 1
proof, 1
complaisance, 1
exhibiting, 1
sensations, 1
stanzas, 1
impatience, 1
rewarded, 1
marys, 1
agonies, 1
composedly, 1
signs, 1
derision, 1
imperturbably, 1
interference, 1
finished, 1
exhibit, 1
pretending, 1
innocent, 1
diversion, 1
compatible, 1
devoting, 1
tithes, 1
beneficial, 1
offensive, 1
patron, 1
duties, 1
dwelling, 1
excused, 1
conciliatory, 1
owes, 1
preferment, 1
acquit, 1
omit, 1
testifying, 1
loud, 1
staredmany, 1
seriously, 1
commended, 1
sensibly, 1
halfwhisper, 1
distressed, 1
ridiculing, 1
perseveringly, 1
prevail, 1
arguing, 1
owed, 1
goodnaturedly, 1
probable, 1
allusions, 1
rejoiced, 1
depart, 1
manoeuvre, 1
complain, 1
repulsed, 1
languor, 1
speeches, 1
complimenting, 1
guests, 1
enjoying, 1
scene, 1
detached, 1
preserved, 1
utter, 1
pressingly, 1
eating, 1
whither, 1
quitted, 1
preparations, 1
settlements, 1
carriages, 1
wedding, 1
months, 1
eclipsed, 1
19, 1
declaration, 1
extended, 1
diffidence, 1
orderly, 1
observances, 1
regular, 1
solicit, 1
audience, 1
blush, 1
dearyescertainly, 1
happyi, 1
gathering, 1
hastening, 1
embarrassed, 1
oppose, 1
injunctionand, 1
quietly, 1
incessant, 1
disservice, 1
adds, 1
perfections, 1
unwillingness, 1
respected, 1
purport, 1
dissemble, 1
singled, 1
reasons, 1
marryingand, 1
selecting, 1
laughing, 1
stop, 1
secondly, 1
thirdlywhich, 1
unasked, 1
hunsfordbetween, 1
pools, 1
jenkinson, 1
footstool, 1
gentlewoman, 1
reckon, 1
tempered, 1
inevitably, 1
excite, 1
inherit, 1
melancholy, 1
placewhich, 1
esteem, 1
animated, 1
language, 1
violence, 1
demand, 1
cents, 1
decease, 1
uniformly, 1
ungenerous, 1
reproach, 1
proposals, 1
wave, 1
addresses, 1
secretly, 1
applies, 1
refusal, 1
altar, 1
ere, 1
daring, 1
risk, 1
persuaded, 1
gravelybut, 1
disapprove, 1
economy, 1
qualification, 1
unnecessary, 1
refusing, 1
falls, 1
selfreproach, 1
accusing, 1
custom, 1
encourage, 1
hitherto, 1
convince, 1
briefly, 1
acceptance, 1
manifold, 1
attractions, 1
portion, 1
undo, 1
effects, 1
loveliness, 1
qualifications, 1
rejection, 1
suspense, 1
practice, 1
females, 1
pretensions, 1
consists, 1
tormenting, 1
plainer, 1
intending, 1
sanctioned, 1
parents, 1
fail, 1
perseverance, 1
selfdeception, 1
persisted, 1
refusals, 1
apply, 1
negative, 1
uttered, 1
decisive, 1
coquetry, 1
20, 1
successful, 1
dawdled, 1
vestibule, 1
watch, 1
conference, 1
staircase, 1
breakfastroom, 1
congratulated, 1
felicitations, 1
proceeded, 1
interview, 1
steadfastly, 1
bashful, 1
genuine, 1
startled, 1
headstrong, 1
interrupting, 1
persists, 1
rejecting, 1
accepting, 1
liable, 1
contribute, 1
goodnatured, 1
settle, 1
uproar, 1
vows, 1
calm, 1
altered, 1
declares, 1
begins, 1
hopeless, 1
rang, 1
bell, 1
refused, 1
insists, 1
unhappy, 1
conclusion, 1
regarded, 1
favours, 1
coaxed, 1
threatened, 1
turns, 1
endeavoured, 1
mildness, 1
interfering, 1
earnestness, 1
gaiety, 1
attacks, 1
determination, 1
meanwhile, 1
hurt, 1
deserving, 1
regret, 1
fun, 1
entreating, 1
charlottes, 1
spared, 1
unconcerned, 1
caring, 1
york, 1
lizzyif, 1
maintain, 1
youand, 1
warn, 1
undutiful, 1
pitied, 1
effusion, 1
soothe, 1
irritation, 1
tongues, 1
ground, 1
detained, 1
doleful, 1
projected, 1
presently, 1
resignation, 1
inevitable, 1
evils, 1
peculiar, 1
resigned, 1
positive, 1
denied, 1
showing, 1
withdrawing, 1
requesting, 1
interpose, 1
objectionable, 1
dismission, 1
error, 1
21, 1
discussion, 1
necessarily, 1
peevish, 1
embarrassment, 1
dejection, 1
assiduous, 1
transferred, 1
seasonable, 1
abatement, 1
shorten, 1
lament, 1
aunts, 1
voluntarily, 1
selfimposed, 1
scenes, 1
bestowed, 1
accompanying, 1
double, 1
introducing, 1
delivered, 1
envelope, 1
contained, 1
sheet, 1
hotpressed, 1
paper, 1
covered, 1
flowing, 1
intently, 1
passages, 1
recollected, 1
putting, 1
contains, 1
townand, 1
sentence, 1
comprised, 1
grosvenor, 1
returns, 1
intercourse, 1
correspondence, 1
highflown, 1
insensibility, 1
distrust, 1
suddenness, 1
cease, 1
arrive, 1
renewed, 1
imagined, 1
gets, 1
comfortless, 1
hotel, 1
crowdbut, 1
despair, 1
sincerely, 1
christmas, 1
abound, 1
gaieties, 1
season, 1
brings, 1
beaux, 1
numerous, 1
deprive, 1
passage, 1
hurts, 1
reserves, 1
georgiana, 1
inspires, 1
heightened, 1
confiding, 1
admires, 1
footing, 1
misleading, 1
engaging, 1
womans, 1
indulging, 1
expressly, 1
expects, 1
suspects, 1
willingly, 1
wants, 1
keeping, 1
tries, 1
grand, 1
notion, 1
intermarriage, 1
achieving, 1
ingenuity, 1
succeed, 1
tells, 1
alike, 1
foundation, 1
unjust, 1
wilfully, 1
deceiving, 1
supposing, 1
mature, 1
disobliging, 1
equivalent, 1
faintly, 1
disapprobation, 1
hesitate, 1
suggestion, 1
carolines, 1
artfully, 1
independent, 1
desponding, 1
overcame, 1
departure, 1
gentlemans, 1
bewailed, 1
lamenting, 1
22, 1
thanking, 1
keeps, 1
repaid, 1
farther, 1
conception, 1
appearances, 1
admirable, 1
slyness, 1
hasten, 1
feet, 1
encouraging, 1
comparatively, 1
diffident, 1
perceived, 1
accidentally, 1
eloquence, 1
awaited, 1
happiest, 1
solicitation, 1
waived, 1
stupidity, 1
favoured, 1
courtship, 1
continuance, 1
pure, 1
speedily, 1
joyful, 1
prospects, 1
wealth, 1
calculate, 1
expedient, 1
overjoyed, 1
boys, 1
apprehension, 1
maid, 1
irksome, 1
provision, 1
welleducated, 1
pleasantest, 1
preservative, 1
luck, 1
valued, 1
shaken, 1
charged, 1
secrecy, 1
dutifully, 1
difficulty, 1
burst, 1
forth, 1
direct, 1
evade, 1
exercising, 1
selfdenial, 1
longing, 1
publish, 1
journey, 1
leavetaking, 1
cordiality, 1
hoping, 1
avail, 1
speedy, 1
offending, 1
concurrence, 1
offence, 1
mark, 1
meditated, 1
rated, 1
encouraged, 1
hers, 1
bounds, 1
crying, 1
charlotteimpossible, 1
commanded, 1
momentary, 1
regained, 1
calmly, 1
procure, 1
firmness, 1
surprisedso, 1
romantic, 1
reconciled, 1
unsuitable, 1
strangeness, 1
offers, 1
sacrificed, 1
worldly, 1
humiliating, 1
pang, 1
sunk, 1
23, 1
reflecting, 1
doubting, 1
authorised, 1
announce, 1
houses, 1
matterto, 1
wondering, 1
incredulous, 1
boisterously, 1
courtier, 1
forbearing, 1
confirm, 1
prior, 1
overpowered, 1
vent, 1
disbelieving, 1
thirdly, 1
fourthly, 1
broken, 1
inferences, 1
deduced, 1
mischief, 1
barbarously, 1
misused, 1
dwelt, 1
appease, 1
wear, 1
elapsed, 1
rude, 1
emotions, 1
tranquil, 1
confessed, 1
improbable, 1
envying, 1
spread, 1
insensible, 1
retort, 1
sour, 1
illnatured, 1
restraint, 1
mutually, 1
subsist, 1
fonder, 1
rectitude, 1
daily, 1
counting, 1
reasonably, 1
twelvemonths, 1
prompted, 1
discharging, 1
inform, 1
rapturous, 1
unanswerable, 1
inconvenient, 1
troublesome, 1
hated, 1
lovers, 1
murmurs, 1
bringing, 1
tidings, 1
incensed, 1
falsehood, 1
fearnot, 1
indifferentbut, 1
admit, 1
destructive, 1
dishonorable, 1
stability, 1
lover, 1
occurring, 1
efforts, 1
unfeeling, 1
overpowering, 1
feared, 1
concealing, 1
alluded, 1
restrained, 1
seldom, 1
require, 1
needed, 1
punctually, 1
gracious, 1
luckily, 1
lovemaking, 1
agony, 1
successor, 1
abhorrence, 1
anticipating, 1
complained, 1
gloomy, 1
survivor, 1
consoling, 1
24, 1
professed, 1
boasted, 1
joyfully, 1
ventured, 1
predict, 1
accomplishment, 1
inmate, 1
communicated, 1
slave, 1
designing, 1
sport, 1
involved, 1
unavailing, 1
died, 1
suppressed, 1
wounded, 1
courage, 1
continual, 1
repine, 1
slightly, 1
colouring, 1
god, 1
thereforei, 1
try, 1
harm, 1
disinterestedness, 1
angelic, 1
disclaimed, 1
encroaching, 1
privilege, 1
universal, 1
fewer, 1
confirms, 1
belief, 1
inconsistency, 1
dependence, 1
instances, 1
unaccountable, 1
ruin, 1
allowance, 1
respectability, 1
prudent, 1
benefited, 1
narrowminded, 1
individual, 1
principle, 1
integrity, 1
selfishness, 1
prudence, 1
security, 1
intentionally, 1
circumspect, 1
deceives, 1
designedly, 1
attributing, 1
scheming, 1
thoughtlessness, 1
impute, 1
displease, 1
whilst, 1
persist, 1
conjunction, 1
position, 1
unlikely, 1
unnaturally, 1
ashamed, 1
mistakenor, 1
clearly, 1
perplexity, 1
transient, 1
liking, 1
statement, 1
repeat, 1
crossed, 1
congratulate, 1
companions, 1
outdone, 1
disappoint, 1
jilt, 1
creditably, 1
befall, 1
dispelling, 1
gloom, 1
perverse, 1
thrown, 1
recommendations, 1
unreserve, 1
canvassed, 1
extenuating, 1
mild, 1
pleaded, 1
allowances, 1
mistakesbut, 1
condemned, 1
worst, 1
25, 1
alleviated, 1
bride, 1
gardiner, 1
warehouses, 1
subsisted, 1
distribute, 1
presents, 1
newest, 1
fashions, 1
grievances, 1
illused, 1
artful, 1
thwarted, 1
sleeves, 1
separates, 1
forgets, 1
violently, 1
hackneyed, 1
indefinite, 1
halfhours, 1
growing, 1
inattentive, 1
incivility, 1
essence, 1
yesof, 1
serviceand, 1
acquiescence, 1
custody, 1
gracechurch, 1
ablution, 1
cleanse, 1
impurities, 1
stirs, 1
correspond, 1
reanimated, 1
successfully, 1
combated, 1
stayed, 1
carefully, 1
itof, 1
suspicious, 1
narrowly, 1
imprudence, 1
affording, 1
unconnected, 1
dozen, 1
fresher, 1
procuring, 1
inexhaustible, 1
comparing, 1
bestowing, 1
tribute, 1
delighting, 1
reputed, 1
lad, 1
confident, 1
fitzwilliam, 1
26, 1
warned, 1
involve, 1
sawand, 1
becomes, 1
mei, 1
forfeit, 1
wiser, 1
wisdom, 1
remind, 1
refrain, 1
thursday, 1
farewell, 1
rose, 1
ungracious, 1
reluctant, 1
foresaw, 1
march, 1
bridegroom, 1
slacken, 1
correspondent, 1
eagerness, 1
pronounce, 1
foreseen, 1
cheerfully, 1
surrounded, 1
roads, 1
rationally, 1
accounted, 1
reproached, 1
inventing, 1
fresh, 1
visitor, 1
shortness, 1
deceive, 1
triumphing, 1
obstinate, 1
meantime, 1
singling, 1
deservedly, 1
harshly, 1
duplicity, 1
banish, 1
happyyour, 1
invariable, 1
thereyours, 1
duped, 1
review, 1
contentment, 1
subsided, 1
admirer, 1
watchful, 1
permitted, 1
acquisition, 1
rendering, 1
clearsighted, 1
struggles, 1
relinquish, 1
relating, 1
elevating, 1
passion, 1
effectual, 1
distractedly, 1
purchased, 1
defection, 1
ways, 1
27, 1
events, 1
diversified, 1
walks, 1
february, 1
depending, 1
learned, 1
weakened, 1
uncompanionable, 1
faultless, 1
unwelcome, 1
peep, 1
smoothly, 1
accompany, 1
bidding, 1
adieu, 1
reminding, 1
hertheir, 1
everybodywould, 1
coincide, 1
attach, 1
fellowtravellers, 1
emptyheaded, 1
rattle, 1
absurdities, 1
wonders, 1
worn, 1
twentyfour, 1
noon, 1
drove, 1
healthful, 1
troop, 1
shyness, 1
bustle, 1
shopping, 1
theatres, 1
struggled, 1
support, 1
periods, 1
reasonable, 1
conversations, 1
rallied, 1
niece, 1
desertion, 1
bearing, 1
mercenary, 1
matrimonial, 1
avarice, 1
grandfathers, 1
nowhy, 1
allowable, 1
gain, 1
affections, 1
indelicacy, 1
directing, 1
decorums, 1
herselfsense, 1
savours, 1
tour, 1
carry, 1
lakes, 1
rapturously, 1
vigour, 1
spleen, 1
rocks, 1
mountains, 1
transport, 1
travellers, 1
accurate, 1
gonewe, 1
rivers, 1
jumbled, 1
imaginations, 1
relative, 1
generality, 1
28, 1
northern, 1
source, 1
road, 1
search, 1
palings, 1
boundary, 1
discernible, 1
sloping, 1
green, 1
pales, 1
laurel, 1
hedge, 1
arriving, 1
gate, 1
amidst, 1
nods, 1
affectionately, 1
pointing, 1
neatness, 1
ostentatious, 1
glory, 1
displaying, 1
neat, 1
gratify, 1
sigh, 1
repentance, 1
unseldom, 1
involuntarily, 1
discern, 1
faint, 1
article, 1
sideboard, 1
fender, 1
stroll, 1
cultivation, 1
pleasures, 1
healthfulness, 1
owned, 1
cross, 1
pointed, 1
minuteness, 1
fields, 1
direction, 1
trees, 1
clump, 1
bordered, 1
front, 1
building, 1
situated, 1
meadows, 1
shoes, 1
encounter, 1
frost, 1
husbands, 1
built, 1
consistency, 1
throughout, 1
ensuing, 1
hesitation, 1
include, 1
regularly, 1
chamber, 1
meditate, 1
guiding, 1
anticipate, 1
quiet, 1
tenor, 1
employments, 1
vexatious, 1
interruptions, 1
middle, 1
landing, 1
breathless, 1
agitation, 1
fronted, 1
stopping, 1
pigs, 1
la, 1
shocked, 1
doors, 1
wind, 1
doorway, 1
greatness, 1
constantly, 1
bowing, 1
letting, 1
29, 1
acquire, 1
instructing, 1
overpower, 1
separating, 1
toilette, 1
apparel, 1
restthere, 1
simply, 1
dressing, 1
objected, 1
formidable, 1
inspire, 1
enumeration, 1
glazing, 1
ascended, 1
marias, 1
talents, 1
miraculous, 1
stateliness, 1
witness, 1
trepidation, 1
entrancehall, 1
ornaments, 1
antechamber, 1
seat, 1
senses, 1
edge, 1
chair, 1
stronglymarked, 1
conciliating, 1
inferior, 1
examining, 1
deportment, 1
pale, 1
insignificant, 1
placing, 1
informing, 1
articles, 1
plate, 1
foretold, 1
bottom, 1
carved, 1
ate, 1
echo, 1
soninlaw, 1
bourghthe, 1
dinnertime, 1
indisposed, 1
delivering, 1
controverted, 1
concerns, 1
familiarly, 1
minutely, 1
management, 1
regulated, 1
instructed, 1
cows, 1
poultry, 1
beneath, 1
dictating, 1
older, 1
maiden, 1
entailing, 1
thensome, 1
toyou, 1
webbs, 1
masters, 1
governess, 1
neglected, 1
strenuously, 1
supplying, 1
metcalfs, 1
finds, 1
pope, 1
treasure, 1
elder, 1
lastborn, 1
sisterly, 1
dignified, 1
oneandtwenty, 1
cassino, 1
superlatively, 1
syllable, 1
speakingstating, 1
mistakes, 1
storing, 1
anecdotes, 1
played, 1
gratefully, 1
instructions, 1
thankfulness, 1
costing, 1
30, 1
comfortably, 1
possessing, 1
gig, 1
bookroom, 1
backwards, 1
sized, 1
arrangement, 1
distinguish, 1
indebted, 1
unfrequently, 1
livings, 1
negligence, 1
joints, 1
meat, 1
magistrate, 1
minutest, 1
cottagers, 1
quarrelsome, 1
sallied, 1
differences, 1
scold, 1
harmony, 1
plenty, 1
counterpart, 1
grove, 1
edged, 1
sheltered, 1
designs, 1
destined, 1
lodges, 1
hurried, 1
hastened, 1
nephews, 1
disclaim, 1
doorbell, 1
thirty, 1
hertfordshirepaid, 1
curtseyed, 1
awakened, 1
betray, 1
consciousness, 1
confused, 1
pursued, 1
31, 1
fitzwilliams, 1
considerably, 1
thitherfor, 1
easterday, 1
gentlemens, 1
travelling, 1
conversed, 1
shared, 1
proficient, 1
proficiency, 1
practises, 1
charge, 1
jenkinsons, 1
nobodys, 1
illbreeding, 1
arch, 1
frighten, 1
stubbornness, 1
rises, 1
intimidate, 1
professing, 1
teach, 1
hertfordshireand, 1
impolitic, 1
toofor, 1
retaliate, 1
shock, 1
smilingly, 1
behaves, 1
thenbut, 1
balland, 1
scarce, 1
fingers, 1
judged, 1
illqualified, 1
applying, 1
masterly, 1
womens, 1
produce, 1
faultbecause, 1
practising, 1
amiss, 1
practised, 1
fingering, 1
annes, 1
performer, 1
symptom, 1
derived, 1
mixing, 1
32, 1
halffinished, 1
sinking, 1
emergence, 1
recollecting, 1
didand, 1
rejoice, 1
understandingthough, 1
prudential, 1
fifty, 1
varying, 1
expenses, 1
unimportant, 1
journeysand, 1
local, 1
newspaper, 1
colder, 1
conciseand, 1
occasioned, 1
conjectures, 1
sports, 1
billiardtable, 1
nearness, 1
separately, 1
captivating, 1
softness, 1
choicea, 1
disputable, 1
steadfast, 1
gaze, 1
raising, 1
vanish, 1
counterbalance, 1
33, 1
ramble, 1
mischance, 1
haunt, 1
illnature, 1
penance, 1
rencontre, 1
questionsabout, 1
solitary, 1
imply, 1
perusing, 1
forcing, 1
accordingly, 1
yesif, 1
disposal, 1
arranges, 1
feelingly, 1
inured, 1
earl, 1
questionsand, 1
hardships, 1
sons, 1
habits, 1
afford, 1
coloured, 1
price, 1
earls, 1
dropped, 1
someone, 1
lasting, 1
sole, 1
divide, 1
guardianship, 1
guardians, 1
tractable, 1
creatures, 1
manhe, 1
drily, 1
prodigious, 1
hither, 1
saved, 1
inconveniences, 1
scrape, 1
objections, 1
separate, 1
swelling, 1
thoughtful, 1
officious, 1
condemn, 1
unnatural, 1
lessening, 1
sadly, 1
jestingly, 1
exist, 1
boundless, 1
measures, 1
mislead, 1
ruined, 1
inflicted, 1
goodness, 1
isher, 1
improved, 1
peculiarities, 1
wound, 1
partly, 1
governed, 1
tears, 1
34, 1
exasperate, 1
complaint, 1
revival, 1
past, 1
suffering, 1
characterise, 1
serenity, 1
clouded, 1
conveying, 1
perusal, 1
inflict, 1
keener, 1
sufferings, 1
nextand, 1
remembering, 1
fluttered, 1
banished, 1
imputing, 1
agitated, 1
repressed, 1
ardently, 1
detailed, 1
inferiorityof, 1
degradationof, 1
obstacles, 1
wounding, 1
deeplyrooted, 1
subsequent, 1
compose, 1
representing, 1
endeavours, 1
conquer, 1
cheeks, 1
obligation, 1
avowed, 1
unequally, 1
cannoti, 1
duration, 1
overcoming, 1
leaning, 1
disturbance, 1
visible, 1
struggling, 1
attained, 1
expecting, 1
insulting, 1
provocations, 1
youhad, 1
ruining, 1
beloved, 1
emotion, 1
dividing, 1
otherof, 1
instability, 1
involving, 1
acutest, 1
unmoved, 1
remorse, 1
incredulity, 1
assumed, 1
denying, 1
kinder, 1
disdained, 1
noticing, 1
conciliate, 1
founded, 1
recital, 1
misrepresentation, 1
misfortunes, 1
contemptuously, 1
infliction, 1
reduced, 1
povertycomparative, 1
poverty, 1
designed, 1
desert, 1
calculation, 1
heavy, 1
honest, 1
confession, 1
accusations, 1
policy, 1
concealed, 1
impelled, 1
unqualified, 1
unalloyed, 1
connectionsto, 1
condition, 1
behaved, 1
start, 1
obvious, 1
mingled, 1
beginningfrom, 1
sayof, 1
impressing, 1
fullest, 1
arrogance, 1
groundwork, 1
succeeding, 1
immovable, 1
hastily, 1
painfully, 1
reflected, 1
casewas, 1
inspired, 1
pridehis, 1
shameless, 1
janehis, 1
unpardonable, 1
acknowledging, 1
unequal, 1
35, 1
awoke, 1
meditations, 1
recover, 1
indulge, 1
turnpikeroad, 1
paling, 1
gates, 1
verdure, 1
continuing, 1
glimpse, 1
retreating, 1
stepping, 1
instinctively, 1
plantation, 1
strongest, 1
containing, 1
sheets, 1
letterpaper, 1
pursuing, 1
dated, 1
disgusting, 1
paining, 1
humbling, 1
formation, 1
magnitude, 1
defiance, 1
blasted, 1
wantonly, 1
depravity, 1
growth, 1
severity, 1
liberally, 1
respecting, 1
secured, 1
obeyed, 1
rise, 1
undecided, 1
attentively, 1
scrutiny, 1
participation, 1
misled, 1
acute, 1
observer, 1
certainbut, 1
investigation, 1
decisions, 1
influenced, 1
repugnance, 1
existing, 1
stated, 1
betrayed, 1
pains, 1
nearest, 1
conducted, 1
yourselves, 1
preserve, 1
coincidence, 1
detaching, 1
wentand, 1
described, 1
enforced, 1
remonstrance, 1
staggered, 1
ultimately, 1
seconded, 1
hesitated, 1
extinguished, 1
concealment, 1
unknowingly, 1
weighty, 1
accusation, 1
refute, 1
accused, 1
summon, 1
undoubted, 1
discharge, 1
supported, 1
school, 1
cambridgemost, 1
vicious, 1
propensitiesthe, 1
opportunities, 1
painto, 1
unfolding, 1
characterit, 1
advancement, 1
allowand, 1
legacy, 1
survive, 1
pecuniary, 1
lieu, 1
therein, 1
accede, 1
settledhe, 1
dissolved, 1
pretence, 1
idleness, 1
dissipation, 1
unprofitable, 1
ordained, 1
questionof, 1
revered, 1
resisting, 1
circumstancesand, 1
doubtless, 1
reproaches, 1
obtruded, 1
induce, 1
unfold, 1
junior, 1
presided, 1
ramsgate, 1
younge, 1
connivance, 1
aid, 1
retained, 1
impression, 1
elopement, 1
stating, 1
grieving, 1
exposure, 1
unquestionably, 1
revenging, 1
narrative, 1
henceforth, 1
previously, 1
detection, 1
revealed, 1
testimony, 1
executors, 1
unavoidably, 1
transactions, 1
valueless, 1
bless, 1
36, 1
contrariety, 1
defined, 1
comprehension, 1
penitent, 1
insolence, 1
wickhamwhen, 1
clearer, 1
overthrow, 1
cherished, 1
himselfher, 1
definition, 1
horror, 1
oppressed, 1
discredit, 1
grossest, 1
falsehoodand, 1
perturbed, 1
collecting, 1
recalled, 1
gross, 1
err, 1
reread, 1
resigning, 1
sum, 1
weighed, 1
impartialitydeliberated, 1
statementbut, 1
sides, 1
blameless, 1
profligacy, 1
scrupled, 1
inquiring, 1
trait, 1
rescue, 1
predominance, 1
atone, 1
casual, 1
errors, 1
vice, 1
befriended, 1
social, 1
mess, 1
pausing, 1
alas, 1
referred, 1
himselffrom, 1
awkwardness, 1
hazarded, 1
corroboration, 1
remembered, 1
impropriety, 1
communications, 1
darcythat, 1
avoided, 1
discussed, 1
hatefully, 1
mediocrity, 1
moderation, 1
grasp, 1
incautiously, 1
lingering, 1
struggle, 1
fainter, 1
justification, 1
asserted, 1
blamelessness, 1
repulsive, 1
acquaintancean, 1
latterly, 1
waysseen, 1
unprincipled, 1
unjustanything, 1
irreligious, 1
immoral, 1
valuedthat, 1
violation, 1
incomprehensible, 1
prejudiced, 1
despicably, 1
prided, 1
blameable, 1
mistrust, 1
humiliation, 1
wretchedly, 1
courted, 1
janefrom, 1
widely, 1
unsuspicious, 1
fervent, 1
displayed, 1
sensibility, 1
merited, 1
unfelt, 1
soothed, 1
selfattracted, 1
depressed, 1
thoughtreconsidering, 1
probabilities, 1
reconciling, 1
repressing, 1
unfit, 1
leavebut, 1
missing, 1
37, 1
obeisance, 1
message, 1
importing, 1
dull, 1
diminution, 1
increases, 1
accounting, 1
june, 1
dawson, 1
barouchebox, 1
abide, 1
post, 1
improper, 1
menservants, 1
john, 1
discreditable, 1
manservant, 1
bromley, 1
studied, 1
unjustly, 1
upbraided, 1
repent, 1
slightest, 1
heavier, 1
chagrin, 1
remedy, 1
exert, 1
restrain, 1
giddiness, 1
weakspirited, 1
irritable, 1
affronted, 1
selfwilled, 1
flirt, 1
prevailing, 1
restoring, 1
cleared, 1
implicitness, 1
replete, 1
indecorum, 1
development, 1
packing, 1
urgent, 1
gowns, 1
trunk, 1
afresh, 1
exerted, 1
curtsey, 1
38, 1
deemed, 1
indispensably, 1
domestics, 1
unpleasantly, 1
disagreeably, 1
disadvantages, 1
abiding, 1
sharers, 1
elevation, 1
sentences, 1
drawn, 1
unfortunatebut, 1
firmly, 1
sprang, 1
regretting, 1
trunks, 1
fastened, 1
parcels, 1
commissioning, 1
consternation, 1
drinking, 1
privately, 1
revealing, 1
astonish, 1
conquered, 1
indecision, 1
grieve, 1
39, 1
appointed, 1
inn, 1
token, 1
coachmans, 1
punctuality, 1
milliner, 1
sentinel, 1
salad, 1
cucumber, 1
welcoming, 1
larder, 1
affords, 1
lend, 1
ours, 1
purchaseslook, 1
bought, 1
pull, 1
abused, 1
ugly, 1
uglier, 1
prettiercoloured, 1
satin, 1
trim, 1
signify, 1
wears, 1
encamped, 1
brighton, 1
papa, 1
delicious, 1
campful, 1
soldiers, 1
overset, 1
monthly, 1
newscapital, 1
newsand, 1
waiter, 1
hears, 1
chin, 1
theres, 1
liverpool, 1
fool, 1
straws, 1
herwho, 1
nasty, 1
freckled, 1
coarseness, 1
harboured, 1
boxes, 1
workbags, 1
kittys, 1
purchases, 1
nicely, 1
crammed, 1
bandbox, 1
snug, 1
flirting, 1
cant, 1
chaperon, 1
forsters, 1
harringtons, 1
harriet, 1
chamberlayne, 1
pratt, 1
kinds, 1
histories, 1
jokes, 1
additions, 1
escaping, 1
undiminished, 1
welfare, 1
doubly, 1
retailing, 1
louder, 1
blinds, 1
pretended, 1
handsomely, 1
nicest, 1
luncheon, 1
merry, 1
depreciate, 1
congenial, 1
afternoon, 1
regiments, 1
answers, 1
vague, 1
equivocal, 1
disheartened, 1
despaired, 1
40, 1
suppress, 1
lessened, 1
unhappiness, 1
stroke, 1
wickedness, 1
existed, 1
race, 1
mankind, 1
collected, 1
vindication, 1
labour, 1
quantity, 1
shifting, 1
extorted, 1
profusion, 1
saving, 1
feather, 1
gentleness, 1
mismanagement, 1
spur, 1
abusive, 1
stumbling, 1
witty, 1
unfortunate, 1
undeserved, 1
prejudices, 1
dreadfully, 1
undeceive, 1
hence, 1
reestablish, 1
desperate, 1
allayed, 1
secrets, 1
lurking, 1
forbade, 1
disclosure, 1
partake, 1
encumbrance, 1
mystery, 1
steadiness, 1
attachments, 1
fervently, 1
remembrance, 1
requisite, 1
injurious, 1
sad, 1
undeserving, 1
manand, 1
collinses, 1
manager, 1
sharp, 1
extravagant, 1
outrun, 1
lawfully, 1
41, 1
drooping, 1
apace, 1
extreme, 1
hardheartedness, 1
exclaim, 1
woe, 1
grief, 1
millers, 1
seabathing, 1
lamentations, 1
resounding, 1
diverted, 1
anew, 1
rapture, 1
adoration, 1
flew, 1
restless, 1
everyones, 1
luckless, 1
repined, 1
fate, 1
accent, 1
exciting, 1
warrant, 1
detestable, 1
advising, 1
improprieties, 1
derive, 1
temptations, 1
exposed, 1
mannernay, 1
arisen, 1
squeamish, 1
youths, 1
absurdity, 1
aloof, 1
injuries, 1
complaining, 1
volatility, 1
checking, 1
exuberant, 1
teaching, 1
pursuits, 1
meanest, 1
flirtation, 1
attraction, 1
emptiness, 1
ward, 1
rage, 1
comprehended, 1
uncontrolled, 1
censured, 1
despised, 1
ofor, 1
threevery, 1
prey, 1
degrees, 1
authorising, 1
lock, 1
content, 1
vexations, 1
unavoidable, 1
augment, 1
substance, 1
volubility, 1
earthly, 1
creative, 1
streets, 1
gay, 1
bathingplace, 1
tens, 1
scores, 1
glories, 1
campits, 1
tents, 1
stretched, 1
beauteous, 1
uniformity, 1
dazzling, 1
tent, 1
realities, 1
consoled, 1
agitations, 1
detect, 1
sameness, 1
renewing, 1
serve, 1
frivolous, 1
improves, 1
gayer, 1
aught, 1
stylefor, 1
essentials, 1
apprehensive, 1
gentlest, 1
accents, 1
deter, 1
foul, 1
misconduct, 1
cautiousness, 1
alluding, 1
adopted, 1
awe, 1
operated, 1
forwarding, 1
repress, 1
broke, 1
whence, 1
pathetic, 1
shed, 1
weep, 1
envy, 1
diffuse, 1
impressive, 1
injunctions, 1
possibleadvice, 1
clamorous, 1
adieus, 1
42, 1
conjugal, 1
captivated, 1
illiberal, 1
vanished, 1
overthrown, 1
tastes, 1
enjoyments, 1
contributed, 1
philosopher, 1
overlook, 1
illjudged, 1
rightly, 1
enlarging, 1
abroad, 1
repinings, 1
dullness, 1
regain, 1
disturbers, 1
brain, 1
apprehended, 1
hardened, 1
wateringplace, 1
camp, 1
commencement, 1
felicityto, 1
anticipation, 1
discontentedness, 1
carrying, 1
ceaseless, 1
realised, 1
warded, 1
defence, 1
parasol, 1
learntfor, 1
reappear, 1
happier, 1
querulous, 1
war, 1
quartered, 1
curtailed, 1
setting, 1
later, 1
july, 1
substitute, 1
contracted, 1
northwards, 1
celebrated, 1
matlock, 1
chatsworth, 1
dovedale, 1
peak, 1
satisfiedand, 1
impunity, 1
rob, 1
petrified, 1
spars, 1
doubled, 1
wayteaching, 1
loving, 1
certainthat, 1
inconveniencescheerfulness, 1
enhance, 1
pleasureand, 1
disappointments, 1
route, 1
oxford, 1
blenheim, 1
warwick, 1
kenilworth, 1
birmingham, 1
lambton, 1
willingness, 1
carpets, 1
curtains, 1
richly, 1
furnished, 1
finest, 1
woods, 1
morebut, 1
acquiesce, 1
resource, 1
unfavourably, 1
chambermaid, 1
proprietor, 1
questionand, 1
alarms, 1
revived, 1
43, 1
perturbation, 1
flutter, 1
lowest, 1
wood, 1
stretching, 1
halfamile, 1
top, 1
eminence, 1
valley, 1
abruptness, 1
stone, 1
backed, 1
ridge, 1
woody, 1
hills, 1
stream, 1
swelled, 1
artificial, 1
banks, 1
falsely, 1
descended, 1
bridge, 1
respectablelooking, 1
elderly, 1
proportioned, 1
surveying, 1
crowned, 1
river, 1
scattered, 1
winding, 1
trace, 1
positions, 1
lofty, 1
gaudy, 1
uselessly, 1
splendour, 1
norecollecting, 1
herselfthat, 1
recollectionit, 1
reynolds, 1
miniatures, 1
army, 1
masterand, 1
otherabout, 1
intimation, 1
accomplishedshe, 1
plays, 1
sings, 1
hera, 1
communicativeness, 1
goodtempered, 1
sweetesttempered, 1
generoushearted, 1
himjust, 1
affable, 1
pictures, 1
dimensions, 1
merits, 1
landlord, 1
nowadays, 1
whispered, 1
reaching, 1
spacious, 1
lobby, 1
sittingroom, 1
lightness, 1
apartments, 1
picturegallery, 1
bedrooms, 1
paintings, 1
drawings, 1
crayons, 1
herand, 1
lifetime, 1
sensation, 1
guardianshiphow, 1
bestowhow, 1
canvas, 1
inspection, 1
consigned, 1
gardener, 1
halldoor, 1
date, 1
stables, 1
yards, 1
abrupt, 1
deepest, 1
gardeners, 1
lift, 1
recurring, 1
sedateness, 1
distraction, 1
discrimination, 1
arrivedthat, 1
alighted, 1
strikingly, 1
alteredwhat, 1
amazingbut, 1
water, 1
nobler, 1
mechanically, 1
appeals, 1
mindin, 1
aroused, 1
spots, 1
wander, 1
overspreading, 1
triumphant, 1
accustomed, 1
circuit, 1
hanging, 1
narrowest, 1
simple, 1
glen, 1
narrow, 1
rough, 1
coppicewood, 1
explore, 1
windings, 1
submit, 1
slow, 1
fishing, 1
trout, 1
lasted, 1
imitate, 1
mischievously, 1
construed, 1
unprepared, 1
revolted, 1
named, 1
stole, 1
sly, 1
decamping, 1
sustained, 1
fortitude, 1
gloried, 1
tackle, 1
arminarm, 1
meit, 1
reproofs, 1
resuming, 1
brink, 1
waterplant, 1
chanced, 1
originated, 1
inadequate, 1
unexpectedfor, 1
bakewell, 1
youmr, 1
acceded, 1
outstripped, 1
housebut, 1
lawn, 1
embargo, 1
dove, 1
dale, 1
slowlyand, 1
unbecoming, 1
whimsical, 1
misunderstood, 1
mouth, 1
unfavourable, 1
flaming, 1
comprehends, 1
construction, 1
faulty, 1
naming, 1
relied, 1
environs, 1
satisfactions, 1
discontinuance, 1
44, 1
curricle, 1
recognizing, 1
livery, 1
guessed, 1
imparted, 1
acquainting, 1
newlyborn, 1
heads, 1
disquiet, 1
commonly, 1
retreated, 1
shy, 1
obtain, 1
monosyllable, 1
scale, 1
womanly, 1
graceful, 1
unembarrassed, 1
discerning, 1
barely, 1
personage, 1
overflowing, 1
prepossessed, 1
rival, 1
interpretation, 1
denoted, 1
untinctured, 1
26th, 1
unattended, 1
temporary, 1
outlived, 1
courting, 1
disgracewhen, 1
parsonagethe, 1
unbending, 1
invitations, 1
presuming, 1
avoidance, 1
construing, 1
untouched, 1
reference, 1
recognized, 1
indicated, 1
markettown, 1
imperfectly, 1
wellknown, 1
debts, 1
discharged, 1
hatred, 1
repugnant, 1
friendlier, 1
petulance, 1
acrimony, 1
enemy, 1
indelicate, 1
peculiarity, 1
selves, 1
gratitudefor, 1
ardent, 1
unpleasing, 1
possessed, 1
imitated, 1
equalled, 1
45, 1
saloon, 1
oaks, 1
spanish, 1
chestnuts, 1
intermediate, 1
georgianas, 1
annesley, 1
agreeablelooking, 1
closely, 1
employing, 1
brevity, 1
variation, 1
cake, 1
fruits, 1
partyfor, 1
pyramids, 1
grapes, 1
nectarines, 1
peaches, 1
deciding, 1
predominate, 1
learning, 1
forwarded, 1
sneering, 1
uppermost, 1
exerting, 1
vigorously, 1
repel, 1
involuntary, 1
refrained, 1
discompose, 1
injure, 1
venting, 1
criticisms, 1
brown, 1
coarse, 1
tanned, 1
rejoined, 1
nose, 1
characterthere, 1
teeth, 1
shrewish, 1
selfsufficiency, 1
recommending, 1
nettled, 1
resolutely, 1
beautyi, 1
mostly, 1
fruitof, 1
46, 1
repining, 1
missent, 1
yoube, 1
scotland, 1
thoughtless, 1
indiscreet, 1
conjectured, 1
missed, 1
finishing, 1
seized, 1
bewildered, 1
coherent, 1
f, 1
gretna, 1
w, 1
b, 1
clapham, 1
hackney, 1
dismissed, 1
epsom, 1
anxiously, 1
turnpikes, 1
inns, 1
barnet, 1
hatfield, 1
successno, 1
kindest, 1
apprehensions, 1
safest, 1
exigence, 1
rely, 1
darting, 1
losing, 1
precious, 1
impetuous, 1
superseded, 1
detain, 1
knees, 1
trembled, 1
commissioned, 1
unintelligible, 1
miserably, 1
commiseration, 1
glass, 1
wretched, 1
indistinctly, 1
friendshas, 1
eloped, 1
ofof, 1
toshe, 1
onlysome, 1
allall, 1
grievedshocked, 1
certainabsolutely, 1
donei, 1
horrible, 1
characteroh, 1
noti, 1
meditation, 1
brow, 1
selfconquest, 1
consolatory, 1
bosom, 1
palliation, 1
self, 1
intrude, 1
engross, 1
lydiathe, 1
swallowed, 1
handkerchief, 1
torment, 1
calls, 1
meetings, 1
retrospective, 1
contradictions, 1
varieties, 1
sighed, 1
promoted, 1
termination, 1
foundations, 1
otherwiseif, 1
sources, 1
exchanged, 1
authorise, 1
infamy, 1
additional, 1
anguish, 1
surpriseall, 1
deliberately, 1
fluctuating, 1
girloh, 1
hometo, 1
cares, 1
deranged, 1
satisfying, 1
trembling, 1
energythough, 1
afflicted, 1
actuated, 1
disclose, 1
notes, 1
excuses, 1
completed, 1
shorter, 1
space, 1
47, 1
unprotected, 1
friendless, 1
colonels, 1
adequate, 1
brightening, 1
decency, 1
guilty, 1
removing, 1
presumption, 1
traces, 1
thensupposing, 1
exceptional, 1
abundant, 1
economically, 1
expeditiously, 1
nothis, 1
lydiawhat, 1
forego, 1
benefiting, 1
dishonourable, 1
indolence, 1
halfyear, 1
twelvemonthshe, 1
dispose, 1
greaterwhat, 1
susceptibility, 1
captivate, 1
profligate, 1
insinuating, 1
alive, 1
liberality, 1
libertywhich, 1
lies, 1
endless, 1
thoroughly, 1
unpretending, 1
yesthat, 1
apparently, 1
deception, 1
ensue, 1
perceptible, 1
moderate, 1
forgetfulness, 1
travelled, 1
sleeping, 1
wearied, 1
paddock, 1
lighted, 1
faces, 1
bodies, 1
capers, 1
frisks, 1
jumped, 1
kiss, 1
embraced, 1
filled, 1
fugitives, 1
safety, 1
motherhow, 1
dressingroom, 1
youhow, 1
alternate, 1
sanguine, 1
deserted, 1
proceedings, 1
invectives, 1
villainous, 1
illjudging, 1
overruled, 1
heres, 1
fight, 1
killed, 1
terrific, 1
fighting, 1
frighted, 1
witsand, 1
tremblings, 1
flutterings, 1
mesuch, 1
spasms, 1
beatings, 1
seclusion, 1
household, 1
busily, 1
incurred, 1
fretfulness, 1
stem, 1
pour, 1
bosoms, 1
balm, 1
lesson, 1
irretrievable, 1
involves, 1
brittle, 1
lifted, 1
moral, 1
extractions, 1
availed, 1
sequel, 1
brains, 1
uneasya, 1
unjustifiable, 1
pocketbook, 1
tonight, 1
sally, 1
slit, 1
packed, 1
belonging, 1
hysterics, 1
faculties, 1
repose, 1
condole, 1
services, 1
condolence, 1
insufferable, 1
postilions, 1
fare, 1
remarked, 1
anyhow, 1
coachman, 1
48, 1
negligent, 1
dilatory, 1
duel, 1
serviceable, 1
heartening, 1
upthough, 1
reporting, 1
irregularity, 1
dispirited, 1
striving, 1
blacken, 1
tradesman, 1
intrigues, 1
title, 1
seduction, 1
tradesmans, 1
wickedest, 1
distrusted, 1
gaining, 1
hotels, 1
disinclined, 1
intimates, 1
clue, 1
essential, 1
curiosities, 1
affliction, 1
sympathise, 1
bitterest, 1
alleviate, 1
misfortuneor, 1
afflicting, 1
lamented, 1
informs, 1
licentiousness, 1
enormity, 1
howsoever, 1
grievously, 1
apprehending, 1
fortunes, 1
condescendingly, 1
connect, 1
augmented, 1
reap, 1
heinous, 1
finances, 1
transpired, 1
gaming, 1
gamester, 1
spiritless, 1
illsuccess, 1
yielded, 1
brotherinlaws, 1
stage, 1
halfexpectation, 1
lowness, 1
fairly, 1
dread, 1
sleepless, 1
philosophic, 1
parade, 1
nightcap, 1
powdering, 1
runs, 1
eastbourne, 1
prohibited, 1
stir, 1
threats, 1
cry, 1
49, 1
concluding, 1
thence, 1
butler, 1
copse, 1
lagged, 1
panting, 1
newswhat, 1
bringgood, 1
pocket, 1
august, 1
settlement, 1
conditions, 1
privileged, 1
haggerston, 1
diligence, 1
explicitly, 1
edw, 1
farthing, 1
clearing, 1
sixpence, 1
requited, 1
protection, 1
consenting, 1
writingtable, 1
preparation, 1
exuberance, 1
fidgety, 1
disturbed, 1
humbled, 1
transports, 1
pledged, 1
sounds, 1
dictate, 1
calico, 1
cambric, 1
dictated, 1
plentiful, 1
consulted, 1
philips, 1
airing, 1
bowl, 1
punch, 1
refuge, 1
justly, 1
50, 1
annual, 1
survived, 1
britain, 1
rested, 1
cutting, 1
successively, 1
exceeding, 1
proportions, 1
acceding, 1
concisely, 1
fulfil, 1
loser, 1
board, 1
undertaking, 1
proportionate, 1
speed, 1
decent, 1
philosophy, 1
secluded, 1
farmhouse, 1
welldoing, 1
spiteful, 1
oppressively, 1
damp, 1
attendants, 1
nuptials, 1
muslins, 1
searching, 1
haye, 1
gouldings, 1
stoke, 1
ashworth, 1
pulvis, 1
attics, 1
admittance, 1
impudence, 1
guinea, 1
inconceivable, 1
valid, 1
eloping, 1
spreading, 1
confidently, 1
frailty, 1
muchnot, 1
individually, 1
gulf, 1
impassable, 1
scorned, 1
shrink, 1
blow, 1
repented, 1
proudly, 1
spurned, 1
gladly, 1
mortal, 1
multitude, 1
connubial, 1
precluding, 1
permanent, 1
passions, 1
regulars, 1
ensigncy, 1
s, 1
arrangements, 1
creditors, 1
payment, 1
subjoin, 1
south, 1
begs, 1
motheryours, 1
e, 1
residing, 1
mildly, 1
51, 1
culprit, 1
endure, 1
decked, 1
impenetrably, 1
stepped, 1
forwards, 1
shewed, 1
austerity, 1
untamed, 1
unabashed, 1
fearless, 1
demanding, 1
limits, 1
impudent, 1
caused, 1
humoured, 1
replies, 1
expressively, 1
hereabouts, 1
overtook, 1
goulding, 1
sideglass, 1
glove, 1
frame, 1
housemaids, 1
yesthere, 1
newcastle, 1
regretted, 1
elope, 1
flight, 1
kill, 1
birds, 1
september, 1
body, 1
managed, 1
clements, 1
eleven, 1
fuss, 1
distracted, 1
sermon, 1
breakfasted, 1
youll, 1
foot, 1
theatre, 1
yeshe, 1
faithfully, 1
burning, 1
noblest, 1
seizing, 1
dropt, 1
itunless, 1
cogent, 1
tricks, 1
stratagems, 1
ittill, 1
confidante, 1
52, 1
benches, 1
sept, 1
devote, 1
foresee, 1
comprise, 1
amand, 1
explicit, 1
racked, 1
hunting, 1
worthlessness, 1
confide, 1
generously, 1
edwardstreet, 1
bribery, 1
corruption, 1
wishedfor, 1
insisted, 1
expedite, 1
illconsequences, 1
resign, 1
effectually, 1
postponed, 1
battled, 1
sorely, 1
grain, 1
borrowed, 1
feathers, 1
amounting, 1
admission, 1
staid, 1
bold, 1
prudently, 1
slyhe, 1
exclude, 1
p, 1
m, 1
unsettled, 1
uncertainty, 1
attendant, 1
research, 1
supplication, 1
abominate, 1
bribe, 1
considerations, 1
herfor, 1
himas, 1
revolt, 1
saucy, 1
overtaken, 1
hadnot, 1
strangely, 1
biting, 1
silenced, 1
kympton, 1
placeexcellent, 1
repinebut, 1
sermonmaking, 1
palatable, 1
compromised, 1
kissed, 1
53, 1
simpers, 1
smirks, 1
prodigiously, 1
forlorn, 1
shoot, 1
fidgets, 1
latest, 1
butchers, 1
ducks, 1
wavered, 1
legally, 1
hired, 1
speculation, 1
fools, 1
errand, 1
neighbouring, 1
tis, 1
shant, 1
thirteen, 1
sufferer, 1
counted, 1
intervene, 1
windowshe, 1
lookedshe, 1
whatshisname, 1
darcyand, 1
vow, 1
explanatory, 1
shew, 1
undervalued, 1
benefits, 1
comingat, 1
witnessing, 1
lustre, 1
unshaken, 1
paler, 1
sedate, 1
contrasted, 1
preservation, 1
irremediable, 1
thoughtfulness, 1
changes, 1
papers, 1
courier, 1
esq, 1
northward, 1
levelled, 1
vastly, 1
covies, 1
compensation, 1
rekindled, 1
natured, 1
chatty, 1
mindful, 1
54, 1
deaden, 1
dines, 1
sportsmen, 1
forbore, 1
sanction, 1
halflaughing, 1
ungraciousness, 1
enabling, 1
wearisome, 1
pouring, 1
confederacy, 1
vacancy, 1
closer, 1
enraged, 1
protest, 1
abhorrent, 1
cup, 1
scarborough, 1
teathings, 1
victim, 1
rapacity, 1
unsuccessfully, 1
venison, 1
roasted, 1
turnand, 1
fat, 1
haunch, 1
partridges, 1
french, 1
cooks, 1
livedand, 1
mortifies, 1
instruct, 1
55, 1
comemr, 1
sarah, 1
forwarder, 1
hang, 1
sash, 1
winking, 1
innocently, 1
wink, 1
waste, 1
premeditation, 1
halfopened, 1
ineffectual, 1
officiousness, 1
appointment, 1
communicative, 1
eccentric, 1
invention, 1
counteract, 1
infinite, 1
hearth, 1
basis, 1
superexcellent, 1
simpered, 1
tempers, 1
cheat, 1
exceed, 1
dispense, 1
petitioned, 1
barbarous, 1
detested, 1
advantageously, 1
vex, 1
dupe, 1
forgiving, 1
forty, 1
shift, 1
luckiest, 1
56, 1
equipage, 1
preceded, 1
confinement, 1
stiffly, 1
west, 1
puzzled, 1
prettyish, 1
wilderness, 1
hermitage, 1
pronouncing, 1
survey, 1
waitingwoman, 1
trifled, 1
insincere, 1
frankness, 1
contradicted, 1
industriously, 1
circulated, 1
retains, 1
allurements, 1
infatuation, 1
aspire, 1
cradles, 1
unallied, 1
tacit, 1
completion, 1
inclinations, 1
dissuaded, 1
brooking, 1
maternal, 1
ancientthough, 1
untitledfamilies, 1
member, 1
respective, 1
upstart, 1
sphere, 1
recede, 1
intimidated, 1
persuasions, 1
importuned, 1
patchedup, 1
expence, 1
earthof, 1
shades, 1
polluted, 1
insulted, 1
constitute, 1
obey, 1
violated, 1
concernand, 1
scorn, 1
final, 1
ambition, 1
finelooking, 1
57, 1
originate, 1
revolving, 1
persisting, 1
judgment, 1
miseries, 1
weakest, 1
solid, 1
reasoning, 1
wavering, 1
unblemished, 1
constancy, 1
obligingly, 1
appeased, 1
dismay, 1
consequent, 1
explanations, 1
rushed, 1
instantaneous, 1
undetermined, 1
penetration, 1
sagacity, 1
gossiping, 1
advertised, 1
presumed, 1
illustrious, 1
personages, 1
land, 1
desiresplendid, 1
kindred, 1
incur, 1
closure, 1
pitched, 1
lie, 1
blemish, 1
pleasantry, 1
termed, 1
speediest, 1
hushed, 1
declaring, 1
christian, 1
forgiveness, 1
missish, 1
hypocrisy, 1
58, 1
outstrip, 1
boldly, 1
executed, 1
unexampled, 1
mortifications, 1
discovering, 1
inducements, 1
april, 1
unchanged, 1
fluently, 1
undergone, 1
heartfelt, 1
diffused, 1
proving, 1
emphatically, 1
contrariwise, 1
irrevocably, 1
frankly, 1
illfounded, 1
premises, 1
severest, 1
annexed, 1
strictly, 1
irreproachable, 1
inexpressibly, 1
tortured, 1
methough, 1
devoid, 1
burnt, 1
unalterable, 1
implies, 1
charity, 1
retrospections, 1
void, 1
innocence, 1
repelled, 1
principles, 1
benevolent, 1
overbearing, 1
loveliest, 1
blamed, 1
leisurely, 1
busy, 1
watches, 1
term, 1
unabated, 1
forgiven, 1
59, 1
unmarked, 1
unacknowledged, 1
overflows, 1
joking, 1
beengaged, 1
loves, 1
doubtingly, 1
wouldi, 1
questionare, 1
ashooting, 1
disturb, 1
epithet, 1
lanes, 1
oakham, 1
mount, 1
wont, 1
vehemence, 1
meansthat, 1
filling, 1
disposing, 1
herwas, 1
gradual, 1
test, 1
reconcile, 1
rant, 1
storm, 1
gosaying, 1
tranquilly, 1
familiarity, 1
backward, 1
fidget, 1
pinmoney, 1
jewels, 1
itnothing, 1
pleasedso, 1
manso, 1
talloh, 1
special, 1
licence, 1
omen, 1
warmest, 1
sonsinlaw, 1
60, 1
withstood, 1
mannersmy, 1
assiduously, 1
therei, 1
mebut, 1
exaggerate, 1
belongs, 1
quarrelling, 1
springs, 1
overrated, 1
detail, 1
loose, 1
rein, 1
sends, 1
sending, 1
blown, 1
parading, 1
obsequious, 1
jewel, 1
shrug, 1
shoulders, 1
vulgarity, 1
shield, 1
61, 1
wellinformed, 1
relished, 1
unusual, 1
vicinity, 1
darling, 1
ungovernable, 1
insipid, 1
mix, 1
moralize, 1
comparisons, 1
submitted, 1
reluctance, 1
revolution, 1
ingratitude, 1
congratulatory, 1
expences, 1
heedless, 1
bills, 1
cheap, 1
bath, 1
retain, 1
heretofore, 1
arrear, 1
sportive, 1
liberties, 1
pollution, 1
city, 1
uniting, 1
